-- phpMyAdmin SQL Dump
-- version 4.1.14
-- http://www.phpmyadmin.net
--
-- Host: 127.0.0.1
-- Generation Time: 2017-08-30 16:15:13
-- 服务器版本： 5.6.17
-- PHP Version: 5.5.12

SET SQL_MODE = "NO_AUTO_VALUE_ON_ZERO";
SET time_zone = "+00:00";


/*!40101 SET @OLD_CHARACTER_SET_CLIENT=@@CHARACTER_SET_CLIENT */;
/*!40101 SET @OLD_CHARACTER_SET_RESULTS=@@CHARACTER_SET_RESULTS */;
/*!40101 SET @OLD_COLLATION_CONNECTION=@@COLLATION_CONNECTION */;
/*!40101 SET NAMES utf8 */;

--
-- Database: `cms`
--

-- --------------------------------------------------------

--
-- 表的结构 `tp_ad`
--

CREATE TABLE IF NOT EXISTS `tp_ad` (
  `id` smallint(5) unsigned NOT NULL AUTO_INCREMENT COMMENT '广告id',
  `ad_name` varchar(60) NOT NULL COMMENT '广告名称',
  `on` tinyint(1) NOT NULL DEFAULT '1' COMMENT '是否启用 0：未启用 1：启用',
  `type` tinyint(1) NOT NULL DEFAULT '1' COMMENT '广告类型 1：图片广告 2：轮播广告',
  `img_src` varchar(150) NOT NULL COMMENT '广告图片地址',
  `link` varchar(100) NOT NULL COMMENT '广告链接地址',
  `adpos_id` smallint(6) NOT NULL COMMENT '所属广告位',
  PRIMARY KEY (`id`),
  KEY `adpos_id` (`adpos_id`)
) ENGINE=MyISAM  DEFAULT CHARSET=utf8 AUTO_INCREMENT=70 ;

--
-- 转存表中的数据 `tp_ad`
--

INSERT INTO `tp_ad` (`id`, `ad_name`, `on`, `type`, `img_src`, `link`, `adpos_id`) VALUES
(67, '头部广告1', 1, 1, '20170708\\bbaba1d468588ce1fc99714effea3b63.jpg', 'http://www.biadu.com', 8),
(68, '头部广告2', 0, 2, '', '', 8),
(69, '头部广告3', 0, 2, '', '', 8);

-- --------------------------------------------------------

--
-- 表的结构 `tp_adflash`
--

CREATE TABLE IF NOT EXISTS `tp_adflash` (
  `id` smallint(5) unsigned NOT NULL AUTO_INCREMENT COMMENT 'id',
  `fimg_src` varchar(150) NOT NULL COMMENT '动画广告图片路径',
  `flink` varchar(100) NOT NULL COMMENT '动画广告链接地址',
  `ad_id` smallint(6) NOT NULL COMMENT '所属广告id',
  PRIMARY KEY (`id`),
  KEY `ad_id` (`ad_id`)
) ENGINE=MyISAM  DEFAULT CHARSET=utf8 AUTO_INCREMENT=51 ;

--
-- 转存表中的数据 `tp_adflash`
--

INSERT INTO `tp_adflash` (`id`, `fimg_src`, `flink`, `ad_id`) VALUES
(49, '20170715\\3521af0219590a8d5326f1be065fc2c2.jpg', 'www.touxiang.com', 69),
(25, '20170708\\20585a62dd44ff05e4a184cd7aee9b27.png', 'http//:www.baidu.com', 68);

-- --------------------------------------------------------

--
-- 表的结构 `tp_admin`
--

CREATE TABLE IF NOT EXISTS `tp_admin` (
  `id` smallint(6) NOT NULL AUTO_INCREMENT COMMENT '管理id',
  `uname` varchar(20) NOT NULL COMMENT '用户名',
  `password` char(32) NOT NULL COMMENT '密码',
  `create_time` int(10) NOT NULL COMMENT '创建时间',
  `last_time` int(10) NOT NULL COMMENT '最后登录',
  `status` tinyint(1) NOT NULL DEFAULT '1' COMMENT '启用状态 1：正常 0：禁用',
  `groupid` mediumint(8) unsigned NOT NULL COMMENT '所属用户组',
  PRIMARY KEY (`id`),
  KEY `groupid` (`groupid`)
) ENGINE=MyISAM  DEFAULT CHARSET=utf8 AUTO_INCREMENT=13 ;

--
-- 转存表中的数据 `tp_admin`
--

INSERT INTO `tp_admin` (`id`, `uname`, `password`, `create_time`, `last_time`, `status`, `groupid`) VALUES
(1, 'admin', 'e10adc3949ba59abbe56e057f20f883e', 1500179263, 1500179263, 1, 1),
(5, 'tongpan', 'e10adc3949ba59abbe56e057f20f883e', 1500179263, 1500179263, 1, 4),
(12, 'tongnian', 'e10adc3949ba59abbe56e057f20f883e', 1501666095, 1501666095, 1, 4),
(8, 'tongpan4', 'e10adc3949ba59abbe56e057f20f883e', 1501491746, 1501491746, 1, 1),
(9, 'tongpan5', 'e10adc3949ba59abbe56e057f20f883e', 1501491796, 1501491796, 1, 1),
(10, 'tongpan6', 'e10adc3949ba59abbe56e057f20f883e', 1501491873, 1501491873, 1, 1),
(11, 'tongpan7', 'e10adc3949ba59abbe56e057f20f883e', 1501491896, 1501491896, 1, 1);

-- --------------------------------------------------------

--
-- 表的结构 `tp_adpos`
--

CREATE TABLE IF NOT EXISTS `tp_adpos` (
  `id` mediumint(9) NOT NULL AUTO_INCREMENT COMMENT '广告位id',
  `name` varchar(60) NOT NULL COMMENT '广告位名称',
  `width` smallint(6) NOT NULL COMMENT '广告位宽度',
  `height` smallint(6) NOT NULL COMMENT '广告位高度',
  PRIMARY KEY (`id`)
) ENGINE=MyISAM  DEFAULT CHARSET=utf8 AUTO_INCREMENT=10 ;

--
-- 转存表中的数据 `tp_adpos`
--

INSERT INTO `tp_adpos` (`id`, `name`, `width`, `height`) VALUES
(8, '头部1000*80', 1000, 80),
(9, '底部1000*80', 1000, 80);

-- --------------------------------------------------------

--
-- 表的结构 `tp_archives`
--

CREATE TABLE IF NOT EXISTS `tp_archives` (
  `id` int(11) NOT NULL AUTO_INCREMENT COMMENT '文档id',
  `title` varchar(150) NOT NULL COMMENT '标题',
  `keywords` varchar(150) NOT NULL COMMENT '关键词',
  `description` varchar(255) NOT NULL COMMENT '描述',
  `writer` varchar(60) NOT NULL COMMENT '作者',
  `source` varchar(150) NOT NULL COMMENT '来源',
  `litpic` varchar(150) NOT NULL COMMENT '缩略图',
  `attr` varchar(60) NOT NULL COMMENT '文档属性',
  `click` mediumint(9) NOT NULL COMMENT '点击量',
  `content` longtext NOT NULL COMMENT '内容',
  `cate_id` mediumint(9) NOT NULL COMMENT '所属栏目',
  `model_id` mediumint(9) NOT NULL COMMENT '所属模型',
  `time` int(11) NOT NULL COMMENT '发布时间',
  PRIMARY KEY (`id`)
) ENGINE=MyISAM  DEFAULT CHARSET=utf8 AUTO_INCREMENT=10 ;

--
-- 转存表中的数据 `tp_archives`
--

INSERT INTO `tp_archives` (`id`, `title`, `keywords`, `description`, `writer`, `source`, `litpic`, `attr`, `click`, `content`, `cate_id`, `model_id`, `time`) VALUES
(1, '测试文章1', '测试文章1', '测试文章1', '测试文章1', '测试文章1', '20170808\\313bae8e1ec23c53b22e678fb2fd8482.png', '', 22, '', 15, 24, 1501663130),
(2, '测试文章2', '测试文章2', '测试文章2', '测试文章2', '测试文章2', '', '', 11, '', 15, 24, 1501663304),
(3, '测试3', '测试3', '测试3', '测试3', '测试3', '', '', 22, '', 15, 24, 1501663454),
(4, '测试文章4', '测试文章4', '测试文章4', '测试文章4', '测试文章4', '<!DOCTYPE html PUBLIC "-//W3C//DTD XHTML 1.0 Transitional//EN" "http://www.w3.org/TR/xhtml1/DTD/xhtml1-transitional.dtd">\r\n<html xmlns="http://www.w3.', '', 11, '<p>测试文章4</p>', 15, 24, 1501664306),
(5, '测试5', '测试5', '测试5', '测试5', '测试5', '', '', 34, '<p>测试5测试5测试5</p>', 15, 24, 1501664363),
(6, '测试文章6', '测试文章6', '测试文章6', '测试文章6', '测试文章6', '', '头条', 34, '<p>测试文章6测试文章6测试文章6</p>', 15, 24, 1501664468);

-- --------------------------------------------------------

--
-- 表的结构 `tp_article`
--

CREATE TABLE IF NOT EXISTS `tp_article` (
  `aid` int(10) unsigned NOT NULL,
  `shout_title` varchar(150) NOT NULL DEFAULT ''
) ENGINE=MyISAM DEFAULT CHARSET=utf8;

-- --------------------------------------------------------

--
-- 表的结构 `tp_auth_group`
--

CREATE TABLE IF NOT EXISTS `tp_auth_group` (
  `id` mediumint(8) unsigned NOT NULL AUTO_INCREMENT,
  `title` char(100) NOT NULL DEFAULT '',
  `status` tinyint(1) NOT NULL DEFAULT '1',
  `rules` char(80) NOT NULL DEFAULT '',
  PRIMARY KEY (`id`)
) ENGINE=MyISAM  DEFAULT CHARSET=utf8 AUTO_INCREMENT=5 ;

--
-- 转存表中的数据 `tp_auth_group`
--

INSERT INTO `tp_auth_group` (`id`, `title`, `status`, `rules`) VALUES
(1, '超级管理员', 1, '1,2,12,13,14,15,6,7,8,10,9,16,22,17,18,19,20,21'),
(4, '栏目管理员', 1, '6,7,8,10,9,16,22');

-- --------------------------------------------------------

--
-- 表的结构 `tp_auth_group_access`
--

CREATE TABLE IF NOT EXISTS `tp_auth_group_access` (
  `uid` mediumint(8) unsigned NOT NULL,
  `group_id` mediumint(8) unsigned NOT NULL,
  UNIQUE KEY `uid_group_id` (`uid`,`group_id`),
  KEY `uid` (`uid`),
  KEY `group_id` (`group_id`)
) ENGINE=MyISAM DEFAULT CHARSET=utf8;

--
-- 转存表中的数据 `tp_auth_group_access`
--

INSERT INTO `tp_auth_group_access` (`uid`, `group_id`) VALUES
(1, 1),
(11, 1),
(12, 4);

-- --------------------------------------------------------

--
-- 表的结构 `tp_auth_rule`
--

CREATE TABLE IF NOT EXISTS `tp_auth_rule` (
  `id` mediumint(8) unsigned NOT NULL AUTO_INCREMENT,
  `name` char(80) NOT NULL DEFAULT '',
  `title` char(20) NOT NULL DEFAULT '',
  `type` tinyint(1) NOT NULL DEFAULT '1',
  `status` tinyint(1) NOT NULL DEFAULT '1',
  `condition` char(100) NOT NULL DEFAULT '',
  `pid` mediumint(9) NOT NULL DEFAULT '0' COMMENT '上级规则id 0表示顶级规则',
  `icon` varchar(15) NOT NULL COMMENT '图标名称',
  `show` tinyint(1) NOT NULL DEFAULT '1' COMMENT '菜单是否显示',
  PRIMARY KEY (`id`),
  UNIQUE KEY `name` (`name`)
) ENGINE=MyISAM  DEFAULT CHARSET=utf8 AUTO_INCREMENT=23 ;

--
-- 转存表中的数据 `tp_auth_rule`
--

INSERT INTO `tp_auth_rule` (`id`, `name`, `title`, `type`, `status`, `condition`, `pid`, `icon`, `show`) VALUES
(1, 'admin/Conf', '系统设置', 1, 1, '', 0, 'fa-gear', 1),
(2, 'admin/Conf/conflst', '配置项列表', 1, 1, '', 1, '', 1),
(8, 'admin/cate/add/add', '添加栏目-子级', 1, 1, '', 7, '', 1),
(7, 'admin/Cate/add', '栏目添加', 1, 1, '', 6, '', 1),
(6, 'admin/Cate', '栏目管理', 1, 1, '', 0, 'fa-folder', 1),
(9, 'admin/Cate/edit', '栏目修改', 1, 1, '', 6, '', 0),
(10, 'admin/cate/add/add2', '添加栏目-子集2', 1, 1, '', 7, '', 1),
(12, 'admin/Conf/lst', '配置列表', 1, 1, '', 1, '', 1),
(13, 'admin/Conf/add', '配置添加', 1, 1, '', 1, '', 1),
(14, 'admin/Conf/edit', '配置修改', 1, 1, '', 1, '', 0),
(15, 'admin/Conf/del', '配置删除', 1, 1, '', 1, '', 0),
(16, 'admin/Cate/lst', '栏目列表', 1, 1, '', 6, '', 1),
(17, 'admin/Content', '文档', 1, 1, '', 0, 'fa-file-text', 1),
(18, 'admin/Content/lst', '文章列表', 1, 1, '', 17, '', 1),
(19, 'admin/Content/add', '文章添加', 1, 1, '', 17, '', 0),
(20, 'admin/Content/edit', '文章编辑', 1, 1, '', 17, '', 0),
(21, 'admin/Content/del', '文章删除', 1, 1, '', 17, '', 0),
(22, 'admin/Cate/ajaxlst', '收缩栏目', 1, 1, '', 6, '', 0);

-- --------------------------------------------------------

--
-- 表的结构 `tp_cate`
--

CREATE TABLE IF NOT EXISTS `tp_cate` (
  `id` int(10) unsigned NOT NULL AUTO_INCREMENT COMMENT '栏目id',
  `cate_name` varchar(30) NOT NULL COMMENT '栏目名称',
  `title` varchar(150) NOT NULL COMMENT '栏目标题',
  `keywords` varchar(150) NOT NULL COMMENT '关键词',
  `desc` varchar(255) NOT NULL COMMENT '描述',
  `content` text NOT NULL COMMENT '内容',
  `status` tinyint(1) NOT NULL DEFAULT '1' COMMENT '状态 1：显示 0：隐藏',
  `img` varchar(150) NOT NULL COMMENT '图片',
  `cate_attr` tinyint(1) NOT NULL DEFAULT '1' COMMENT '属性 1：列表栏目 2：频道封面 3:外链栏目',
  `list_tmp` varchar(60) NOT NULL COMMENT '列表栏目模板',
  `index_tmp` varchar(60) NOT NULL COMMENT '频道栏目模板',
  `article_tmp` varchar(60) NOT NULL COMMENT '内容页模板',
  `link` varchar(150) NOT NULL COMMENT '栏目外链',
  `sort` smallint(6) NOT NULL DEFAULT '50' COMMENT '排序',
  `model_id` mediumint(8) unsigned NOT NULL DEFAULT '1' COMMENT '栏目所属模型',
  `bottom_nav` tinyint(1) NOT NULL DEFAULT '0' COMMENT '是否在底部显示 1：是 0：否',
  `pid` int(11) NOT NULL DEFAULT '0' COMMENT '上级id',
  PRIMARY KEY (`id`)
) ENGINE=MyISAM  DEFAULT CHARSET=utf8 AUTO_INCREMENT=19 ;

--
-- 转存表中的数据 `tp_cate`
--

INSERT INTO `tp_cate` (`id`, `cate_name`, `title`, `keywords`, `desc`, `content`, `status`, `img`, `cate_attr`, `list_tmp`, `index_tmp`, `article_tmp`, `link`, `sort`, `model_id`, `bottom_nav`, `pid`) VALUES
(1, '关于我们', '关于我们', '关于我们', '关于我们', '<p>关于我们关于我们关于我们关于我们</p>', 1, '', 2, 'list_article.html', 'index_article.html', 'article_article.html', '', 50, 28, 1, 0),
(2, '公司简介', '公司简介', '公司简介', '公司简介', '<p>公司简介公司简介公司简介公司简介</p>', 1, '', 2, 'list_article.html', 'index_article.html', 'article_article.html', '', 50, 28, 0, 1),
(3, '生产基地', '生产基地', '生产基地', '生产基地', '<p>生产基地生产基地生产基地生产基地</p>', 1, '', 2, 'list_article.html', 'index_article.html', 'article_article.html', '', 50, 28, 0, 1),
(4, '资质荣誉', '资质荣誉', '资质荣誉', '资质荣誉', '<p>资质荣誉资质荣誉资质荣誉资质荣誉</p>', 1, '', 2, 'list_article.html', 'index_article.html', 'article_article.html', '', 50, 28, 0, 1),
(5, '新闻动态', '新闻动态', '新闻动态', '新闻动态', '', 1, '', 1, 'list_article.html', 'index_article.html', 'article_article.html', '', 50, 28, 0, 0),
(6, '公司新闻', '公司新闻', '公司新闻', '公司新闻', '', 1, '', 1, 'list_article.html', 'index_article.html', 'article_article.html', '', 50, 28, 0, 5),
(7, '行业动态', '行业动态', '行业动态', '行业动态', '', 1, '', 1, 'list_article.html', 'index_article.html', 'article_article.html', '', 50, 28, 0, 5),
(8, '产品中心', '产品中心', '产品中心', '产品中心', '', 1, '', 1, 'list_article.html', 'index_article.html', 'article_article.html', '', 50, 28, 0, 0),
(9, '产品子类一', '产品子类一', '产品子类一', '产品子类一', '', 1, '', 1, 'list_article.html', 'index_article.html', 'article_article.html', '', 50, 28, 0, 8),
(10, '产品子类二', '产品子类二', '产品子类二', '产品子类二', '', 1, '', 1, 'list_article.html', 'index_article.html', 'article_article.html', '', 50, 28, 0, 8),
(11, '技术服务', '技术服务', '技术服务', '技术服务', '', 1, '', 2, 'list_article.html', 'index_article.html', 'article_article.html', '', 50, 28, 0, 0),
(12, '研究成果', '研究成果', '研究成果', '研究成果', '', 1, '', 2, 'list_article.html', 'index_article.html', 'article_article.html', '', 50, 28, 0, 11),
(13, '联系我们', '联系我们', '联系我们', '联系我们', '', 1, '', 2, 'list_article.html', 'index_article.html', 'article_article.html', '', 50, 28, 0, 0),
(14, 'tp5视频教程', 'tp5视频教程', 'tp5视频教程', 'tp5视频教程', '', 1, '', 3, 'list_article.html', 'index_article.html', 'article_article.html', 'http://www.chuanke.com/s2260700.html', 50, 28, 0, 0),
(15, ' 贸易与合作', ' 贸易与合作', ' 贸易与合作', ' 贸易与合作', '', 0, '', 2, 'list_article.html', 'index_article.html', 'article_article.html', '', 50, 28, 1, 0),
(16, '国际贸易', '国际贸易', '国际贸易', '国际贸易', '', 1, '', 2, 'list_article.html', 'index_article.html', 'article_article.html', '', 50, 28, 1, 15),
(17, '国际区域经销', '国际区域经销', '国际区域经销', '国际区域经销', '', 1, '', 2, 'list_article.html', 'index_article.html', 'article_article.html', '', 50, 28, 1, 15),
(18, '国内区域代理', '国内区域代理', '国内区域代理', '国内区域代理', '', 1, '', 2, 'list_article.html', 'index_article.html', 'article_article.html', '', 50, 28, 0, 15);

-- --------------------------------------------------------

--
-- 表的结构 `tp_conf`
--

CREATE TABLE IF NOT EXISTS `tp_conf` (
  `id` mediumint(8) unsigned NOT NULL AUTO_INCREMENT COMMENT '配置项id',
  `cname` varchar(60) NOT NULL COMMENT '中文名称',
  `ename` varchar(60) NOT NULL COMMENT '英文名称',
  `value` text NOT NULL COMMENT '默认值',
  `values` varchar(255) NOT NULL COMMENT '可选值',
  `dt_type` tinyint(1) NOT NULL DEFAULT '1' COMMENT '1：输入框 2：单选 3：复选 4：下拉菜单 5：文本域 6：附件',
  `cf_type` tinyint(1) NOT NULL DEFAULT '1' COMMENT '1：基本信息 2：联系方式 3：seo设置 ',
  PRIMARY KEY (`id`)
) ENGINE=MyISAM  DEFAULT CHARSET=utf8 AUTO_INCREMENT=36 ;

--
-- 转存表中的数据 `tp_conf`
--

INSERT INTO `tp_conf` (`id`, `cname`, `ename`, `value`, `values`, `dt_type`, `cf_type`) VALUES
(16, 'QQ群', 'qq', '276420285', '', 1, 2),
(15, '联系人', 'contact', '', '', 1, 2),
(13, '网站logo', 'logo', '20170219\\2cc6827b90aa3fbb60ece697ca268381.png', '', 6, 1),
(14, '备案号', 'beian', '1', '', 1, 1),
(11, '站点跟网址', 'siteurl', '2', '', 1, 1),
(17, '电子邮箱', 'email', '', '', 1, 2),
(18, '站点名称', 'sitename', '3', '', 1, 3),
(19, '关键词', 'keywords', '3', '', 1, 3),
(20, '站点描述', 'desc', '                                                                 3                                                               ', '', 5, 3),
(21, '开启缓存', 'iscache', '否', '是,否,未知', 2, 3),
(22, '关闭站点', 'closesite', '关闭', '关闭,开启', 4, 1),
(23, '联系方式', 'contactway', '电话', '电话,qq,传真', 3, 2),
(25, '二维码', 'ewm', '20170219\\13fadbe1e186efde27319d6127ee3861.png', '', 6, 1),
(27, '允许上传缩略图', 'thumb', '是', '是,否', 2, 1),
(28, '缩略图宽度', 'thumb_width', '300', '', 1, 1),
(29, '缩略图高度', 'thumb_height', '300', '', 1, 1),
(30, '缩略图裁剪方式', 'thumb_way', '居中裁剪', '等比例缩放,缩放后填充,居中裁剪,左上角裁剪,右下角裁剪,固定尺寸缩放', 2, 1),
(31, '允许添加水印', 'water', '是', '是,否', 2, 1),
(32, '水印位置', 'water_pos', '右下角', '左上角,上居中,右上角,左居中,居中,右居中,左下角,下居中,右下角', 2, 1),
(33, '水印透明度', 'tmd', '80', '', 1, 1),
(34, '水印图', 'water_img', '20170424\\7fc1d4d6f25db86d4ac4ea8b6f1c70b0.gif', '', 6, 1),
(35, '模板', 'temp', 'default', '', 1, 1);

-- --------------------------------------------------------

--
-- 表的结构 `tp_dow`
--

CREATE TABLE IF NOT EXISTS `tp_dow` (
  `aid` int(10) unsigned NOT NULL,
  `dowrode` varchar(150) NOT NULL DEFAULT '',
  `downurl` longtext,
  `xzpt` varchar(150) NOT NULL DEFAULT '',
  `xzfs` varchar(150) NOT NULL DEFAULT '',
  `xzzt` varchar(150) NOT NULL DEFAULT ''
) ENGINE=MyISAM DEFAULT CHARSET=utf8;

--
-- 转存表中的数据 `tp_dow`
--

INSERT INTO `tp_dow` (`aid`, `dowrode`, `downurl`, `xzpt`, `xzfs`, `xzzt`) VALUES
(12, ' 迅雷下载,qq下载', '<p><label for="username" class="col-sm-2 control-label no-padding-right">下载地址</label>&nbsp; &nbsp; &nbsp; &nbsp; &nbsp; &nbsp; &nbsp; &nbsp; &nbsp; &nbsp; &nbsp; &nbsp; &nbsp; &nbsp;\r\n &nbsp; &nbsp; &nbsp; &nbsp; &nbsp; &nbsp; &nbsp; &nbsp; &nbsp; &nbsp; &nbsp; &nbsp; &nbsp; &nbsp; &nbsp;<label for="username" class="col-sm-2 control-label no-padding-right">下载地址</label>&nbsp; &nbsp; &nbsp; &nbsp; &nbsp; &nbsp; &nbsp; &nbsp; &nbsp; &nbsp; &nbsp; &nbsp; &nbsp; &nbsp;\r\n &nbsp; &nbsp; &nbsp; &nbsp; &nbsp; &nbsp; &nbsp; &nbsp; &nbsp; &nbsp; &nbsp; &nbsp; &nbsp; &nbsp; &nbsp;</p>', 'win7,win2000', '电信下载', '20170425\\733b5cb6baf167883b9c165dddafa76a.png');

-- --------------------------------------------------------

--
-- 表的结构 `tp_film`
--

CREATE TABLE IF NOT EXISTS `tp_film` (
  `aid` int(10) unsigned NOT NULL,
  `daoyan` varchar(600) NOT NULL DEFAULT '',
  `othername` varchar(150) NOT NULL DEFAULT '',
  `descfilm` varchar(600) NOT NULL DEFAULT '',
  `filmtype` varchar(150) NOT NULL DEFAULT '',
  `date` varchar(150) NOT NULL DEFAULT '',
  `xiangqing` longtext,
  `shuoming` longtext,
  `ceshi` longtext,
  `futu` varchar(150) NOT NULL DEFAULT '',
  `diqu` varchar(150) NOT NULL DEFAULT '',
  `zhutu` varchar(150) NOT NULL DEFAULT ''
) ENGINE=MyISAM DEFAULT CHARSET=utf8;

--
-- 转存表中的数据 `tp_film`
--

INSERT INTO `tp_film` (`aid`, `daoyan`, `othername`, `descfilm`, `filmtype`, `date`, `xiangqing`, `shuoming`, `ceshi`, `futu`, `diqu`, `zhutu`) VALUES
(1, '导演', ' 电影别名', '电影描述', '喜剧,剧情,武侠    ', '2000', '<p><label for="username" class="col-sm-2 control-label no-padding-right">详情</label>&nbsp; &nbsp; &nbsp; &nbsp; &nbsp; &nbsp; &nbsp; &nbsp; &nbsp; &nbsp; &nbsp; &nbsp; &nbsp; &nbsp;\r\n &nbsp; &nbsp; &nbsp; &nbsp; &nbsp; &nbsp; &nbsp; &nbsp; &nbsp; &nbsp; &nbsp; &nbsp; &nbsp; &nbsp; &nbsp;</p>', '<p>说明</p>', '', '', '日本', ''),
(8, '1', '1', '1', '喜剧', '2001', '<p>详情<br/></p>', '<p>111<br/></p>', '<p>1<br/></p>', '', '美国', ''),
(9, '1', '1', '1', '喜剧', '2000', '<p>1<br/></p>', '<p>1<br/></p>', '<p>1<br/></p>', '', '中国', ''),
(10, '1', '1', '1', '动作', '2001', '<p>1<br/></p>', '<p>1<br/></p>', '<p>1<br/></p>', '', '美国', ''),
(11, '1', '1', '1', '喜剧,动作', '2001', '<p>1<br/></p>', '<p>1<br/></p>', '', '20170425\\d1ba471c9511ce0bbd5b3471a627a596.png', '美国', '20170425\\028b3f395a576ae83a10448c9ccb60a5.gif'),
(13, '导演11', '电影别名11', '电影描述电影描述电影描述11', '喜剧,动作,剧情', '2001', '<p>详情详情详情详情11<br/></p>', '<p>说明说明说明说明111</p>', '<p>测试测试测试测试111<br/></p>', '', '中国', ''),
(1, '导演', ' 电影别名', '电影描述', '喜剧,剧情,武侠    ', '2000', '<p><label for="username" class="col-sm-2 control-label no-padding-right">详情</label>&nbsp; &nbsp; &nbsp; &nbsp; &nbsp; &nbsp; &nbsp; &nbsp; &nbsp; &nbsp; &nbsp; &nbsp; &nbsp; &nbsp;\r\n &nbsp; &nbsp; &nbsp; &nbsp; &nbsp; &nbsp; &nbsp; &nbsp; &nbsp; &nbsp; &nbsp; &nbsp; &nbsp; &nbsp; &nbsp;</p>', '<p>说明</p>', '', '', '日本', ''),
(2, '测试文章2', '', '', '', '', '<p>测试文章2</p>', '<p>测试文章2</p>', '<p>测试文章2</p>', '', '美国', ''),
(3, '', '', '', '', '', '', '', '<p>测试3</p>', '20170802\\12e2420783e29984ecc65bb19638dcf2.jpg', '美国', '20170802\\5d076dfee351060fa0c31ab7ad3a9a35.gif'),
(4, '', '', '', '', '', '<p>测试文章4</p>', '<p>测试文章4</p>', '<p>测试文章4</p>', '', '美国', ''),
(5, '测试5', '测试5', '测试5', '剧情,武侠    ', '2002', '<p>测试5测试5测试5</p>', '<p>测试5测试5</p>', '<p>测试5测试5测试5</p>', '', '美国', ''),
(6, '测试文章6', '测试文章6', '测试文章6', '剧情', '2002', '<p>测试文章6测试文章6测试文章6</p>', '<p>测试文章6测试文章6测试文章6</p>', '<p>测试文章6测试文章6测试文章6测试文章6测试文章6</p>', '20170802\\ba8c23ba8ff79b96c1c2d0a3a9ed61c3.jpg', '中国', '20170802\\65f965c46e08c19e0a20135ea5cf9962.gif');

-- --------------------------------------------------------

--
-- 表的结构 `tp_html`
--

CREATE TABLE IF NOT EXISTS `tp_html` (
  `id` mediumint(9) NOT NULL AUTO_INCREMENT COMMENT 'id',
  `nid` mediumint(9) NOT NULL COMMENT '节点id',
  `title` varchar(150) NOT NULL COMMENT '文章标题',
  `url` varchar(150) NOT NULL COMMENT '文章采集地址',
  `addtime` int(10) NOT NULL COMMENT '采集时间',
  `export` tinyint(1) NOT NULL DEFAULT '0' COMMENT '是否导出：0 未导出 1：已导出',
  `result` longtext NOT NULL COMMENT '采集文章结果集',
  PRIMARY KEY (`id`)
) ENGINE=MyISAM  DEFAULT CHARSET=utf8 AUTO_INCREMENT=164 ;

--
-- 转存表中的数据 `tp_html`
--

INSERT INTO `tp_html` (`id`, `nid`, `title`, `url`, `addtime`, `export`, `result`) VALUES
(1, 16, '食品安全展板宣传栏', 'http://sucai.redocn.com/zhanban_8254037.html', 1495539906, 0, '{"title":"\\u98df\\u54c1\\u5b89\\u5168\\u5c55\\u677f\\u5ba3\\u4f20\\u680f","bianhao":"\\u7d20\\u6750\\u7f16\\u53f7 \\uff1a 8254037","geshi":"PSD(Photoshop CS6\\u53ca\\u4ee5\\u4e0a\\u7248\\u672c)","tiji":"\\u7d20\\u6750\\u5927\\u5c0f \\uff1a  91.28 MB","url":"http:\\/\\/sucai.redocn.com\\/zhanban_8254037.html","litpic":"http:\\/\\/img.redocn.com\\/sheji\\/20170523\\/shipinanquanzhanbanxuanchuanlan_8254037_small.jpg"}'),
(2, 16, '安全生产宣传栏设计', 'http://sucai.redocn.com/zhanban_8253967.html', 1495539906, 0, '{"title":"\\u5b89\\u5168\\u751f\\u4ea7\\u5ba3\\u4f20\\u680f\\u8bbe\\u8ba1","bianhao":"\\u7d20\\u6750\\u7f16\\u53f7 \\uff1a 8253967","geshi":"PSD(Photoshop CS6\\u53ca\\u4ee5\\u4e0a\\u7248\\u672c)","tiji":"\\u7d20\\u6750\\u5927\\u5c0f \\uff1a  46.97 MB","url":"http:\\/\\/sucai.redocn.com\\/zhanban_8253967.html","litpic":"http:\\/\\/img.redocn.com\\/sheji\\/20170523\\/anquanshengchanxuanchuanlansheji_8253967_small.jpg"}'),
(3, 16, '消防安全知识宣传栏展板', 'http://sucai.redocn.com/zhanban_8253901.html', 1495539906, 0, '{"title":"\\u6d88\\u9632\\u5b89\\u5168\\u77e5\\u8bc6\\u5ba3\\u4f20\\u680f\\u5c55\\u677f","bianhao":"\\u7d20\\u6750\\u7f16\\u53f7 \\uff1a 8253901","geshi":"PSD(Photoshop CS6\\u53ca\\u4ee5\\u4e0a\\u7248\\u672c)","tiji":"\\u7d20\\u6750\\u5927\\u5c0f \\uff1a  34.22 MB","url":"http:\\/\\/sucai.redocn.com\\/zhanban_8253901.html","litpic":"http:\\/\\/img.redocn.com\\/sheji\\/20170523\\/xiaofanganquanzhishixuanchuanlanzhanban_8253901_small.jpg"}'),
(4, 16, '企业安全生产展板车间安全施工安全宣传', 'http://sucai.redocn.com/zhanban_8253377.html', 1495539906, 0, '{"title":"\\u4f01\\u4e1a\\u5b89\\u5168\\u751f\\u4ea7\\u5c55\\u677f\\u8f66\\u95f4\\u5b89\\u5168\\u65bd\\u5de5\\u5b89\\u5168\\u5ba3\\u4f20","bianhao":"\\u7d20\\u6750\\u7f16\\u53f7 \\uff1a 8253377","geshi":"PSD(Photoshop CS6\\u53ca\\u4ee5\\u4e0a\\u7248\\u672c)","tiji":"\\u7d20\\u6750\\u5927\\u5c0f \\uff1a  63.65 MB","url":"http:\\/\\/sucai.redocn.com\\/zhanban_8253377.html","litpic":"http:\\/\\/img.redocn.com\\/sheji\\/20170523\\/qiyeanquanshengchanzhanbanchejiananquanshigonganquanxuanchuan_8253377_small.jpg"}'),
(5, 16, '最新安全生产月宣传栏企业安全生产展板', 'http://sucai.redocn.com/zhanban_8253195.html', 1495539906, 0, '{"title":"\\u6700\\u65b0\\u5b89\\u5168\\u751f\\u4ea7\\u6708\\u5ba3\\u4f20\\u680f\\u4f01\\u4e1a\\u5b89\\u5168\\u751f\\u4ea7\\u5c55\\u677f","bianhao":"\\u7d20\\u6750\\u7f16\\u53f7 \\uff1a 8253195","geshi":"PSD(Photoshop CS6\\u53ca\\u4ee5\\u4e0a\\u7248\\u672c)","tiji":"\\u7d20\\u6750\\u5927\\u5c0f \\uff1a  42.68 MB","url":"http:\\/\\/sucai.redocn.com\\/zhanban_8253195.html","litpic":"http:\\/\\/img.redocn.com\\/sheji\\/20170523\\/zuixinanquanshengchanyuexuanchuanlanqiyeanquanshengchanzhanban_8253195_small.jpg"}'),
(6, 16, '2017安全生产月宣传栏', 'http://sucai.redocn.com/zhanban_8251409.html', 1495539906, 0, '{"title":"2017\\u5b89\\u5168\\u751f\\u4ea7\\u6708\\u5ba3\\u4f20\\u680f","bianhao":"\\u7d20\\u6750\\u7f16\\u53f7 \\uff1a 8251409","geshi":"PSD(Photoshop CS5\\u53ca\\u4ee5\\u4e0a\\u7248\\u672c)","tiji":"\\u7d20\\u6750\\u5927\\u5c0f \\uff1a  34.78 MB","url":"http:\\/\\/sucai.redocn.com\\/zhanban_8251409.html","litpic":"http:\\/\\/img.redocn.com\\/sheji\\/20170523\\/2017anquanshengchanyuexuanchuanlan_8251409_small.jpg"}'),
(7, 16, '2017安全生产月宣传展板', 'http://sucai.redocn.com/zhanban_8251407.html', 1495539906, 0, '{"title":"2017\\u5b89\\u5168\\u751f\\u4ea7\\u6708\\u5ba3\\u4f20\\u5c55\\u677f","bianhao":"\\u7d20\\u6750\\u7f16\\u53f7 \\uff1a 8251407","geshi":"PSD(Photoshop CS5\\u53ca\\u4ee5\\u4e0a\\u7248\\u672c)","tiji":"\\u7d20\\u6750\\u5927\\u5c0f \\uff1a  54.97 MB","url":"http:\\/\\/sucai.redocn.com\\/zhanban_8251407.html","litpic":"http:\\/\\/img.redocn.com\\/sheji\\/20170523\\/2017anquanshengchanyuexuanchuanzhanban_8251407_small.jpg"}'),
(8, 16, '最新2017安全生产月宣传栏', 'http://sucai.redocn.com/zhanban_8251401.html', 1495539906, 0, '{"title":"\\u6700\\u65b02017\\u5b89\\u5168\\u751f\\u4ea7\\u6708\\u5ba3\\u4f20\\u680f","bianhao":"\\u7d20\\u6750\\u7f16\\u53f7 \\uff1a 8251401","geshi":"PSD(Photoshop CS5\\u53ca\\u4ee5\\u4e0a\\u7248\\u672c)","tiji":"\\u7d20\\u6750\\u5927\\u5c0f \\uff1a  64.5 MB","url":"http:\\/\\/sucai.redocn.com\\/zhanban_8251401.html","litpic":"http:\\/\\/img.redocn.com\\/sheji\\/20170523\\/zuixin2017anquanshengchanyuexuanchuanlan_8251401_small.jpg"}'),
(9, 16, '工地2017安全生产月展板', 'http://sucai.redocn.com/zhanban_8248501.html', 1495539907, 0, '{"title":"\\u5de5\\u57302017\\u5b89\\u5168\\u751f\\u4ea7\\u6708\\u5c55\\u677f","bianhao":"\\u7d20\\u6750\\u7f16\\u53f7 \\uff1a 8248501","geshi":"PSD(Photoshop 7.0\\u53ca\\u4ee5\\u4e0a\\u7248\\u672c)","tiji":"\\u7d20\\u6750\\u5927\\u5c0f \\uff1a  80.26 MB","url":"http:\\/\\/sucai.redocn.com\\/zhanban_8248501.html","litpic":"http:\\/\\/img.redocn.com\\/sheji\\/20170523\\/gongdi2017anquanshengchanyuezhanban_8248501_small.jpg"}'),
(10, 16, '2017安全生产月活动要求看板展板', 'http://sucai.redocn.com/zhanban_8248499.html', 1495539907, 0, '{"title":"2017\\u5b89\\u5168\\u751f\\u4ea7\\u6708\\u6d3b\\u52a8\\u8981\\u6c42\\u770b\\u677f\\u5c55\\u677f","bianhao":"\\u7d20\\u6750\\u7f16\\u53f7 \\uff1a 8248499","geshi":"PSD(Photoshop 7.0\\u53ca\\u4ee5\\u4e0a\\u7248\\u672c)","tiji":"\\u7d20\\u6750\\u5927\\u5c0f \\uff1a  181.61 MB","url":"http:\\/\\/sucai.redocn.com\\/zhanban_8248499.html","litpic":"http:\\/\\/img.redocn.com\\/sheji\\/20170523\\/2017anquanshengchanyuehuodongyaoqiukanbanzhanban_8248499_small.jpg"}'),
(11, 16, '公司安全生产宣传看板', 'http://sucai.redocn.com/zhanban_8248473.html', 1495539907, 0, '{"title":"\\u516c\\u53f8\\u5b89\\u5168\\u751f\\u4ea7\\u5ba3\\u4f20\\u770b\\u677f","bianhao":"\\u7d20\\u6750\\u7f16\\u53f7 \\uff1a 8248473","geshi":"PSD(Photoshop 7.0\\u53ca\\u4ee5\\u4e0a\\u7248\\u672c)","tiji":"\\u7d20\\u6750\\u5927\\u5c0f \\uff1a  44.78 MB","url":"http:\\/\\/sucai.redocn.com\\/zhanban_8248473.html","litpic":"http:\\/\\/img.redocn.com\\/sheji\\/20170523\\/gongsianquanshengchanxuanchuankanban_8248473_small.jpg"}'),
(12, 16, '2017全国安全生产月活动内容展板', 'http://sucai.redocn.com/zhanban_8245189.html', 1495539907, 0, '{"title":"2017\\u5168\\u56fd\\u5b89\\u5168\\u751f\\u4ea7\\u6708\\u6d3b\\u52a8\\u5185\\u5bb9\\u5c55\\u677f","bianhao":"\\u7d20\\u6750\\u7f16\\u53f7 \\uff1a 8245189","geshi":"PSD(Photoshop 7.0\\u53ca\\u4ee5\\u4e0a\\u7248\\u672c)","tiji":"\\u7d20\\u6750\\u5927\\u5c0f \\uff1a  49.31 MB","url":"http:\\/\\/sucai.redocn.com\\/zhanban_8245189.html","litpic":"http:\\/\\/img.redocn.com\\/sheji\\/20170522\\/2017quanguoanquanshengchanyuehuodongneirongzhanban_8245189_small.jpg"}'),
(13, 16, '建筑工地2017安全生产月展板', 'http://sucai.redocn.com/zhanban_8245187.html', 1495539907, 0, '{"title":"\\u5efa\\u7b51\\u5de5\\u57302017\\u5b89\\u5168\\u751f\\u4ea7\\u6708\\u5c55\\u677f","bianhao":"\\u7d20\\u6750\\u7f16\\u53f7 \\uff1a 8245187","geshi":"PSD(Photoshop 7.0\\u53ca\\u4ee5\\u4e0a\\u7248\\u672c)","tiji":"\\u7d20\\u6750\\u5927\\u5c0f \\uff1a  68.53 MB","url":"http:\\/\\/sucai.redocn.com\\/zhanban_8245187.html","litpic":"http:\\/\\/img.redocn.com\\/sheji\\/20170522\\/jianzhugongdi2017anquanshengchanyuezhanban_8245187_small.jpg"}'),
(14, 16, '工地单位2017安全生产月知识宣传栏', 'http://sucai.redocn.com/zhanban_8245185.html', 1495539907, 0, '{"title":"\\u5de5\\u5730\\u5355\\u4f4d2017\\u5b89\\u5168\\u751f\\u4ea7\\u6708\\u77e5\\u8bc6\\u5ba3\\u4f20\\u680f","bianhao":"\\u7d20\\u6750\\u7f16\\u53f7 \\uff1a 8245185","geshi":"PSD(Photoshop 7.0\\u53ca\\u4ee5\\u4e0a\\u7248\\u672c)","tiji":"\\u7d20\\u6750\\u5927\\u5c0f \\uff1a  26.78 MB","url":"http:\\/\\/sucai.redocn.com\\/zhanban_8245185.html","litpic":"http:\\/\\/img.redocn.com\\/sheji\\/20170522\\/gongdidanwei2017anquanshengchanyuezhishixuanchuanlan_8245185_small.jpg"}'),
(15, 16, '企业单位2017安全生产月展板', 'http://sucai.redocn.com/zhanban_8245181.html', 1495539907, 0, '{"title":"\\u4f01\\u4e1a\\u5355\\u4f4d2017\\u5b89\\u5168\\u751f\\u4ea7\\u6708\\u5c55\\u677f","bianhao":"\\u7d20\\u6750\\u7f16\\u53f7 \\uff1a 8245181","geshi":"PSD(Photoshop 7.0\\u53ca\\u4ee5\\u4e0a\\u7248\\u672c)","tiji":"\\u7d20\\u6750\\u5927\\u5c0f \\uff1a  22.59 MB","url":"http:\\/\\/sucai.redocn.com\\/zhanban_8245181.html","litpic":"http:\\/\\/img.redocn.com\\/sheji\\/20170522\\/qiyedanwei2017anquanshengchanyuezhanban_8245181_small.jpg"}'),
(16, 16, '消防安全人人有责宣传文化展板', 'http://sucai.redocn.com/zhanban_8235535.html', 1495539907, 0, '{"title":"\\u6d88\\u9632\\u5b89\\u5168\\u4eba\\u4eba\\u6709\\u8d23\\u5ba3\\u4f20\\u6587\\u5316\\u5c55\\u677f","bianhao":"\\u7d20\\u6750\\u7f16\\u53f7 \\uff1a 8235535","geshi":"PSD(Photoshop CC\\u53ca\\u4ee5\\u4e0a\\u7248\\u672c)","tiji":"\\u7d20\\u6750\\u5927\\u5c0f \\uff1a  48.9 MB","url":"http:\\/\\/sucai.redocn.com\\/zhanban_8235535.html","litpic":"http:\\/\\/imgs.redocn.com\\/image\\/grey.gif"}'),
(17, 16, '消防安全文化宣传栏展板', 'http://sucai.redocn.com/zhanban_8235531.html', 1495539907, 0, '{"title":"\\u6d88\\u9632\\u5b89\\u5168\\u6587\\u5316\\u5ba3\\u4f20\\u680f\\u5c55\\u677f","bianhao":"\\u7d20\\u6750\\u7f16\\u53f7 \\uff1a 8235531","geshi":"PSD(Photoshop CC\\u53ca\\u4ee5\\u4e0a\\u7248\\u672c)","tiji":"\\u7d20\\u6750\\u5927\\u5c0f \\uff1a  64.12 MB","url":"http:\\/\\/sucai.redocn.com\\/zhanban_8235531.html","litpic":"http:\\/\\/imgs.redocn.com\\/image\\/grey.gif"}'),
(18, 16, '全面落实企业安全生产主体责任宣传展板', 'http://sucai.redocn.com/zhanban_8243193.html', 1495539907, 0, '{"title":"\\u5168\\u9762\\u843d\\u5b9e\\u4f01\\u4e1a\\u5b89\\u5168\\u751f\\u4ea7\\u4e3b\\u4f53\\u8d23\\u4efb\\u5ba3\\u4f20\\u5c55\\u677f","bianhao":"\\u7d20\\u6750\\u7f16\\u53f7 \\uff1a 8243193","geshi":"PSD(Photoshop CS6\\u53ca\\u4ee5\\u4e0a\\u7248\\u672c)","tiji":"\\u7d20\\u6750\\u5927\\u5c0f \\uff1a  45.6 MB","url":"http:\\/\\/sucai.redocn.com\\/zhanban_8243193.html","litpic":"http:\\/\\/imgs.redocn.com\\/image\\/grey.gif"}'),
(19, 16, '2017全面落实企业安全生产主体责任展板', 'http://sucai.redocn.com/zhanban_8243077.html', 1495539907, 0, '{"title":"2017\\u5168\\u9762\\u843d\\u5b9e\\u4f01\\u4e1a\\u5b89\\u5168\\u751f\\u4ea7\\u4e3b\\u4f53\\u8d23\\u4efb\\u5c55\\u677f","bianhao":"\\u7d20\\u6750\\u7f16\\u53f7 \\uff1a 8243077","geshi":"PSD(Photoshop CS5\\u53ca\\u4ee5\\u4e0a\\u7248\\u672c)","tiji":"\\u7d20\\u6750\\u5927\\u5c0f \\uff1a  39 MB","url":"http:\\/\\/sucai.redocn.com\\/zhanban_8243077.html","litpic":"http:\\/\\/imgs.redocn.com\\/image\\/grey.gif"}'),
(20, 16, '大气喜庆整套社区街道办消防展板设计', 'http://sucai.redocn.com/zhanban_8242005.html', 1495539907, 0, '{"title":"\\u5927\\u6c14\\u559c\\u5e86\\u6574\\u5957\\u793e\\u533a\\u8857\\u9053\\u529e\\u6d88\\u9632\\u5c55\\u677f\\u8bbe\\u8ba1","bianhao":"\\u7d20\\u6750\\u7f16\\u53f7 \\uff1a 8242005","geshi":"PSD(Photoshop CS6\\u53ca\\u4ee5\\u4e0a\\u7248\\u672c)","tiji":"\\u7d20\\u6750\\u5927\\u5c0f \\uff1a  277.57 MB","url":"http:\\/\\/sucai.redocn.com\\/zhanban_8242005.html","litpic":"http:\\/\\/imgs.redocn.com\\/image\\/grey.gif"}'),
(21, 16, '红色创意整套宣传消防活动挂画展板PSD', 'http://sucai.redocn.com/zhanban_8241991.html', 1495539907, 0, '{"title":"\\u7ea2\\u8272\\u521b\\u610f\\u6574\\u5957\\u5ba3\\u4f20\\u6d88\\u9632\\u6d3b\\u52a8\\u6302\\u753b\\u5c55\\u677fPSD","bianhao":"\\u7d20\\u6750\\u7f16\\u53f7 \\uff1a 8241991","geshi":"PSD(Photoshop CS6\\u53ca\\u4ee5\\u4e0a\\u7248\\u672c)","tiji":"\\u7d20\\u6750\\u5927\\u5c0f \\uff1a  167.33 MB","url":"http:\\/\\/sucai.redocn.com\\/zhanban_8241991.html","litpic":"http:\\/\\/imgs.redocn.com\\/image\\/grey.gif"}'),
(22, 16, '整套创意消防宣传口号挂画展板PSD', 'http://sucai.redocn.com/zhanban_8241989.html', 1495539907, 0, '{"title":"\\u6574\\u5957\\u521b\\u610f\\u6d88\\u9632\\u5ba3\\u4f20\\u53e3\\u53f7\\u6302\\u753b\\u5c55\\u677fPSD","bianhao":"\\u7d20\\u6750\\u7f16\\u53f7 \\uff1a 8241989","geshi":"PSD(Photoshop CS6\\u53ca\\u4ee5\\u4e0a\\u7248\\u672c)","tiji":"\\u7d20\\u6750\\u5927\\u5c0f \\uff1a  74.54 MB","url":"http:\\/\\/sucai.redocn.com\\/zhanban_8241989.html","litpic":"http:\\/\\/imgs.redocn.com\\/image\\/grey.gif"}'),
(23, 16, '整套党建消防挂画素材展板', 'http://sucai.redocn.com/zhanban_8241977.html', 1495539907, 0, '{"title":"\\u6574\\u5957\\u515a\\u5efa\\u6d88\\u9632\\u6302\\u753b\\u7d20\\u6750\\u5c55\\u677f","bianhao":"\\u7d20\\u6750\\u7f16\\u53f7 \\uff1a 8241977","geshi":"PSD(Photoshop CS6\\u53ca\\u4ee5\\u4e0a\\u7248\\u672c)","tiji":"\\u7d20\\u6750\\u5927\\u5c0f \\uff1a  202.25 MB","url":"http:\\/\\/sucai.redocn.com\\/zhanban_8241977.html","litpic":"http:\\/\\/imgs.redocn.com\\/image\\/grey.gif"}'),
(24, 16, '整套消防展板设计', 'http://sucai.redocn.com/zhanban_8241975.html', 1495539907, 0, '{"title":"\\u6574\\u5957\\u6d88\\u9632\\u5c55\\u677f\\u8bbe\\u8ba1","bianhao":"\\u7d20\\u6750\\u7f16\\u53f7 \\uff1a 8241975","geshi":"PSD(Photoshop CS6\\u53ca\\u4ee5\\u4e0a\\u7248\\u672c)","tiji":"\\u7d20\\u6750\\u5927\\u5c0f \\uff1a  228.83 MB","url":"http:\\/\\/sucai.redocn.com\\/zhanban_8241975.html","litpic":"http:\\/\\/imgs.redocn.com\\/image\\/grey.gif"}'),
(25, 16, '消防宣传画展板整套设计模板', 'http://sucai.redocn.com/zhanban_8241933.html', 1495539907, 0, '{"title":"\\u6d88\\u9632\\u5ba3\\u4f20\\u753b\\u5c55\\u677f\\u6574\\u5957\\u8bbe\\u8ba1\\u6a21\\u677f","bianhao":"\\u7d20\\u6750\\u7f16\\u53f7 \\uff1a 8241933","geshi":"PSD(Photoshop CS6\\u53ca\\u4ee5\\u4e0a\\u7248\\u672c)","tiji":"\\u7d20\\u6750\\u5927\\u5c0f \\uff1a  68.61 MB","url":"http:\\/\\/sucai.redocn.com\\/zhanban_8241933.html","litpic":"http:\\/\\/imgs.redocn.com\\/image\\/grey.gif"}'),
(26, 16, '社区消防挂画设计素材', 'http://sucai.redocn.com/zhanban_8241927.html', 1495539907, 0, '{"title":"\\u793e\\u533a\\u6d88\\u9632\\u6302\\u753b\\u8bbe\\u8ba1\\u7d20\\u6750","bianhao":"\\u7d20\\u6750\\u7f16\\u53f7 \\uff1a 8241927","geshi":"PSD(Photoshop CS6\\u53ca\\u4ee5\\u4e0a\\u7248\\u672c)","tiji":"\\u7d20\\u6750\\u5927\\u5c0f \\uff1a  196.31 MB","url":"http:\\/\\/sucai.redocn.com\\/zhanban_8241927.html","litpic":"http:\\/\\/imgs.redocn.com\\/image\\/grey.gif"}'),
(27, 16, '整套红色喜庆消防展板模板', 'http://sucai.redocn.com/zhanban_8241925.html', 1495539907, 0, '{"title":"\\u6574\\u5957\\u7ea2\\u8272\\u559c\\u5e86\\u6d88\\u9632\\u5c55\\u677f\\u6a21\\u677f","bianhao":"\\u7d20\\u6750\\u7f16\\u53f7 \\uff1a 8241925","geshi":"PSD(Photoshop CS6\\u53ca\\u4ee5\\u4e0a\\u7248\\u672c)","tiji":"\\u7d20\\u6750\\u5927\\u5c0f \\uff1a  133.78 MB","url":"http:\\/\\/sucai.redocn.com\\/zhanban_8241925.html","litpic":"http:\\/\\/imgs.redocn.com\\/image\\/grey.gif"}'),
(28, 16, '消防宣传日整套口号展板设计', 'http://sucai.redocn.com/zhanban_8241921.html', 1495539907, 0, '{"title":"\\u6d88\\u9632\\u5ba3\\u4f20\\u65e5\\u6574\\u5957\\u53e3\\u53f7\\u5c55\\u677f\\u8bbe\\u8ba1","bianhao":"\\u7d20\\u6750\\u7f16\\u53f7 \\uff1a 8241921","geshi":"PSD(Photoshop CS6\\u53ca\\u4ee5\\u4e0a\\u7248\\u672c)","tiji":"\\u7d20\\u6750\\u5927\\u5c0f \\uff1a  74.72 MB","url":"http:\\/\\/sucai.redocn.com\\/zhanban_8241921.html","litpic":"http:\\/\\/imgs.redocn.com\\/image\\/grey.gif"}'),
(29, 16, '高端创意方块整套消防口号挂画展板设计', 'http://sucai.redocn.com/zhanban_8241919.html', 1495539907, 0, '{"title":"\\u9ad8\\u7aef\\u521b\\u610f\\u65b9\\u5757\\u6574\\u5957\\u6d88\\u9632\\u53e3\\u53f7\\u6302\\u753b\\u5c55\\u677f\\u8bbe\\u8ba1","bianhao":"\\u7d20\\u6750\\u7f16\\u53f7 \\uff1a 8241919","geshi":"PSD(Photoshop CS6\\u53ca\\u4ee5\\u4e0a\\u7248\\u672c)","tiji":"\\u7d20\\u6750\\u5927\\u5c0f \\uff1a  213.32 MB","url":"http:\\/\\/sucai.redocn.com\\/zhanban_8241919.html","litpic":"http:\\/\\/imgs.redocn.com\\/image\\/grey.gif"}'),
(30, 16, '2017安全生产月展板', 'http://sucai.redocn.com/zhanban_8240885.html', 1495539907, 0, '{"title":"2017\\u5b89\\u5168\\u751f\\u4ea7\\u6708\\u5c55\\u677f","bianhao":"\\u7d20\\u6750\\u7f16\\u53f7 \\uff1a 8240885","geshi":"PSD(Photoshop CS6\\u53ca\\u4ee5\\u4e0a\\u7248\\u672c)","tiji":"\\u7d20\\u6750\\u5927\\u5c0f \\uff1a  114.67 MB","url":"http:\\/\\/sucai.redocn.com\\/zhanban_8240885.html","litpic":"http:\\/\\/imgs.redocn.com\\/image\\/grey.gif"}'),
(31, 16, '高端创意整套消防宣传活动展板', 'http://sucai.redocn.com/zhanban_8239231.html', 1495539907, 0, '{"title":"\\u9ad8\\u7aef\\u521b\\u610f\\u6574\\u5957\\u6d88\\u9632\\u5ba3\\u4f20\\u6d3b\\u52a8\\u5c55\\u677f","bianhao":"\\u7d20\\u6750\\u7f16\\u53f7 \\uff1a 8239231","geshi":"PSD(Photoshop CS6\\u53ca\\u4ee5\\u4e0a\\u7248\\u672c)","tiji":"\\u7d20\\u6750\\u5927\\u5c0f \\uff1a  171.82 MB","url":"http:\\/\\/sucai.redocn.com\\/zhanban_8239231.html","litpic":"http:\\/\\/imgs.redocn.com\\/image\\/grey.gif"}'),
(32, 16, '整套单位消防防火安全宣传展板PSD', 'http://sucai.redocn.com/zhanban_8239229.html', 1495539907, 0, '{"title":"\\u6574\\u5957\\u5355\\u4f4d\\u6d88\\u9632\\u9632\\u706b\\u5b89\\u5168\\u5ba3\\u4f20\\u5c55\\u677fPSD","bianhao":"\\u7d20\\u6750\\u7f16\\u53f7 \\uff1a 8239229","geshi":"PSD(Photoshop CS6\\u53ca\\u4ee5\\u4e0a\\u7248\\u672c)","tiji":"\\u7d20\\u6750\\u5927\\u5c0f \\uff1a  189.61 MB","url":"http:\\/\\/sucai.redocn.com\\/zhanban_8239229.html","litpic":"http:\\/\\/imgs.redocn.com\\/image\\/grey.gif"}'),
(33, 16, '全民消防知识宣传展板套', 'http://sucai.redocn.com/zhanban_8239227.html', 1495539907, 0, '{"title":"\\u5168\\u6c11\\u6d88\\u9632\\u77e5\\u8bc6\\u5ba3\\u4f20\\u5c55\\u677f\\u5957","bianhao":"\\u7d20\\u6750\\u7f16\\u53f7 \\uff1a 8239227","geshi":"PSD(Photoshop CS6\\u53ca\\u4ee5\\u4e0a\\u7248\\u672c)","tiji":"\\u7d20\\u6750\\u5927\\u5c0f \\uff1a  290.36 MB","url":"http:\\/\\/sucai.redocn.com\\/zhanban_8239227.html","litpic":"http:\\/\\/imgs.redocn.com\\/image\\/grey.gif"}'),
(34, 16, '关注消防安全生产宣传展板设计', 'http://sucai.redocn.com/zhanban_8239225.html', 1495539907, 0, '{"title":"\\u5173\\u6ce8\\u6d88\\u9632\\u5b89\\u5168\\u751f\\u4ea7\\u5ba3\\u4f20\\u5c55\\u677f\\u8bbe\\u8ba1","bianhao":"\\u7d20\\u6750\\u7f16\\u53f7 \\uff1a 8239225","geshi":"PSD(Photoshop CS6\\u53ca\\u4ee5\\u4e0a\\u7248\\u672c)","tiji":"\\u7d20\\u6750\\u5927\\u5c0f \\uff1a  203.36 MB","url":"http:\\/\\/sucai.redocn.com\\/zhanban_8239225.html","litpic":"http:\\/\\/imgs.redocn.com\\/image\\/grey.gif"}'),
(35, 16, '整套消防安全展板挂画口号设计', 'http://sucai.redocn.com/zhanban_8239221.html', 1495539907, 0, '{"title":"\\u6574\\u5957\\u6d88\\u9632\\u5b89\\u5168\\u5c55\\u677f\\u6302\\u753b\\u53e3\\u53f7\\u8bbe\\u8ba1","bianhao":"\\u7d20\\u6750\\u7f16\\u53f7 \\uff1a 8239221","geshi":"PSD(Photoshop CS6\\u53ca\\u4ee5\\u4e0a\\u7248\\u672c)","tiji":"\\u7d20\\u6750\\u5927\\u5c0f \\uff1a  215.13 MB","url":"http:\\/\\/sucai.redocn.com\\/zhanban_8239221.html","litpic":"http:\\/\\/imgs.redocn.com\\/image\\/grey.gif"}'),
(36, 16, '消防安全宣传展板设计', 'http://sucai.redocn.com/zhanban_8239219.html', 1495539907, 0, '{"title":"\\u6d88\\u9632\\u5b89\\u5168\\u5ba3\\u4f20\\u5c55\\u677f\\u8bbe\\u8ba1","bianhao":"\\u7d20\\u6750\\u7f16\\u53f7 \\uff1a 8239219","geshi":"PSD(Photoshop CS6\\u53ca\\u4ee5\\u4e0a\\u7248\\u672c)","tiji":"\\u7d20\\u6750\\u5927\\u5c0f \\uff1a  242.02 MB","url":"http:\\/\\/sucai.redocn.com\\/zhanban_8239219.html","litpic":"http:\\/\\/imgs.redocn.com\\/image\\/grey.gif"}'),
(37, 16, '整套消防宣传日展板', 'http://sucai.redocn.com/zhanban_8239217.html', 1495539907, 0, '{"title":"\\u6574\\u5957\\u6d88\\u9632\\u5ba3\\u4f20\\u65e5\\u5c55\\u677f","bianhao":"\\u7d20\\u6750\\u7f16\\u53f7 \\uff1a 8239217","geshi":"PSD(Photoshop CS6\\u53ca\\u4ee5\\u4e0a\\u7248\\u672c)","tiji":"\\u7d20\\u6750\\u5927\\u5c0f \\uff1a  284.46 MB","url":"http:\\/\\/sucai.redocn.com\\/zhanban_8239217.html","litpic":"http:\\/\\/imgs.redocn.com\\/image\\/grey.gif"}'),
(38, 16, '公安消防宣传展板', 'http://sucai.redocn.com/zhanban_8239215.html', 1495539907, 0, '{"title":"\\u516c\\u5b89\\u6d88\\u9632\\u5ba3\\u4f20\\u5c55\\u677f","bianhao":"\\u7d20\\u6750\\u7f16\\u53f7 \\uff1a 8239215","geshi":"PSD(Photoshop CS6\\u53ca\\u4ee5\\u4e0a\\u7248\\u672c)","tiji":"\\u7d20\\u6750\\u5927\\u5c0f \\uff1a  300.23 MB","url":"http:\\/\\/sucai.redocn.com\\/zhanban_8239215.html","litpic":"http:\\/\\/imgs.redocn.com\\/image\\/grey.gif"}'),
(39, 16, '消防部队标语展板海报', 'http://sucai.redocn.com/zhanban_8239213.html', 1495539907, 0, '{"title":"\\u6d88\\u9632\\u90e8\\u961f\\u6807\\u8bed\\u5c55\\u677f\\u6d77\\u62a5","bianhao":"\\u7d20\\u6750\\u7f16\\u53f7 \\uff1a 8239213","geshi":"PSD(Photoshop CS6\\u53ca\\u4ee5\\u4e0a\\u7248\\u672c)","tiji":"\\u7d20\\u6750\\u5927\\u5c0f \\uff1a  253.74 MB","url":"http:\\/\\/sucai.redocn.com\\/zhanban_8239213.html","litpic":"http:\\/\\/img.redocn.com\\/sheji\\/20170520\\/xiaofangbuduibiaoyuzhanbanhaibao_8239213_small.jpg"}'),
(40, 16, '消防宣传海报及展板套图', 'http://sucai.redocn.com/zhanban_8239211.html', 1495539907, 0, '{"title":"\\u6d88\\u9632\\u5ba3\\u4f20\\u6d77\\u62a5\\u53ca\\u5c55\\u677f\\u5957\\u56fe","bianhao":"\\u7d20\\u6750\\u7f16\\u53f7 \\uff1a 8239211","geshi":"PSD(Photoshop CS6\\u53ca\\u4ee5\\u4e0a\\u7248\\u672c)","tiji":"\\u7d20\\u6750\\u5927\\u5c0f \\uff1a  352.74 MB","url":"http:\\/\\/sucai.redocn.com\\/zhanban_8239211.html","litpic":"http:\\/\\/img.redocn.com\\/sheji\\/20170520\\/xiaofangxuanchuanhaibaojizhanbantaotu_8239211_small.jpg"}'),
(41, 16, '消防展板图片', 'http://sucai.redocn.com/zhanban_8239209.html', 1495539907, 0, '{"title":"\\u6d88\\u9632\\u5c55\\u677f\\u56fe\\u7247","bianhao":"\\u7d20\\u6750\\u7f16\\u53f7 \\uff1a 8239209","geshi":"PSD(Photoshop CS6\\u53ca\\u4ee5\\u4e0a\\u7248\\u672c)","tiji":"\\u7d20\\u6750\\u5927\\u5c0f \\uff1a  115.34 MB","url":"http:\\/\\/sucai.redocn.com\\/zhanban_8239209.html","litpic":"http:\\/\\/img.redocn.com\\/sheji\\/20170520\\/xiaofangzhanbantupian_8239209_small.jpg"}'),
(42, 16, '整套消防安全宣传标语挂画设计', 'http://sucai.redocn.com/zhanban_8239207.html', 1495539907, 0, '{"title":"\\u6574\\u5957\\u6d88\\u9632\\u5b89\\u5168\\u5ba3\\u4f20\\u6807\\u8bed\\u6302\\u753b\\u8bbe\\u8ba1","bianhao":"\\u7d20\\u6750\\u7f16\\u53f7 \\uff1a 8239207","geshi":"PSD(Photoshop CS6\\u53ca\\u4ee5\\u4e0a\\u7248\\u672c)","tiji":"\\u7d20\\u6750\\u5927\\u5c0f \\uff1a  364.7 MB","url":"http:\\/\\/sucai.redocn.com\\/zhanban_8239207.html","litpic":"http:\\/\\/img.redocn.com\\/sheji\\/20170520\\/zhengtaoxiaofanganquanxuanchuanbiaoyuguahuasheji_8239207_small.jpg"}'),
(43, 16, '大气消防口号挂画海报展板设计', 'http://sucai.redocn.com/zhanban_8239205.html', 1495539907, 0, '{"title":"\\u5927\\u6c14\\u6d88\\u9632\\u53e3\\u53f7\\u6302\\u753b\\u6d77\\u62a5\\u5c55\\u677f\\u8bbe\\u8ba1","bianhao":"\\u7d20\\u6750\\u7f16\\u53f7 \\uff1a 8239205","geshi":"PSD(Photoshop CS6\\u53ca\\u4ee5\\u4e0a\\u7248\\u672c)","tiji":"\\u7d20\\u6750\\u5927\\u5c0f \\uff1a  203.35 MB","url":"http:\\/\\/sucai.redocn.com\\/zhanban_8239205.html","litpic":"http:\\/\\/img.redocn.com\\/sheji\\/20170520\\/daqixiaofangkouhaoguahuahaibaozhanbansheji_8239205_small.jpg"}'),
(44, 16, '整套消防文化标语挂图PSD', 'http://sucai.redocn.com/zhanban_8239201.html', 1495539907, 0, '{"title":"\\u6574\\u5957\\u6d88\\u9632\\u6587\\u5316\\u6807\\u8bed\\u6302\\u56fePSD","bianhao":"\\u7d20\\u6750\\u7f16\\u53f7 \\uff1a 8239201","geshi":"PSD(Photoshop CS6\\u53ca\\u4ee5\\u4e0a\\u7248\\u672c)","tiji":"\\u7d20\\u6750\\u5927\\u5c0f \\uff1a  225.01 MB","url":"http:\\/\\/sucai.redocn.com\\/zhanban_8239201.html","litpic":"http:\\/\\/img.redocn.com\\/sheji\\/20170520\\/zhengtaoxiaofangwenhuabiaoyuguatuPSD_8239201_small.jpg"}'),
(45, 16, '消防文化标语挂图', 'http://sucai.redocn.com/zhanban_8239199.html', 1495539907, 0, '{"title":"\\u6d88\\u9632\\u6587\\u5316\\u6807\\u8bed\\u6302\\u56fe","bianhao":"\\u7d20\\u6750\\u7f16\\u53f7 \\uff1a 8239199","geshi":"PSD(Photoshop CS6\\u53ca\\u4ee5\\u4e0a\\u7248\\u672c)","tiji":"\\u7d20\\u6750\\u5927\\u5c0f \\uff1a  56.31 MB","url":"http:\\/\\/sucai.redocn.com\\/zhanban_8239199.html","litpic":"http:\\/\\/img.redocn.com\\/sheji\\/20170520\\/xiaofangwenhuabiaoyuguatu_8239199_small.jpg"}'),
(46, 16, '消防口号壁画设计', 'http://sucai.redocn.com/zhanban_8239197.html', 1495539907, 0, '{"title":"\\u6d88\\u9632\\u53e3\\u53f7\\u58c1\\u753b\\u8bbe\\u8ba1","bianhao":"\\u7d20\\u6750\\u7f16\\u53f7 \\uff1a 8239197","geshi":"PSD(Photoshop CS6\\u53ca\\u4ee5\\u4e0a\\u7248\\u672c)","tiji":"\\u7d20\\u6750\\u5927\\u5c0f \\uff1a  139.46 MB","url":"http:\\/\\/sucai.redocn.com\\/zhanban_8239197.html","litpic":"http:\\/\\/img.redocn.com\\/sheji\\/20170520\\/xiaofangkouhaobihuasheji_8239197_small.jpg"}'),
(47, 16, '消防挂画设计', 'http://sucai.redocn.com/zhanban_8239195.html', 1495539907, 0, '{"title":"\\u6d88\\u9632\\u6302\\u753b\\u8bbe\\u8ba1","bianhao":"\\u7d20\\u6750\\u7f16\\u53f7 \\uff1a 8239195","geshi":"PSD(Photoshop CS6\\u53ca\\u4ee5\\u4e0a\\u7248\\u672c)","tiji":"\\u7d20\\u6750\\u5927\\u5c0f \\uff1a  180.91 MB","url":"http:\\/\\/sucai.redocn.com\\/zhanban_8239195.html","litpic":"http:\\/\\/img.redocn.com\\/sheji\\/20170520\\/xiaofangguahuasheji_8239195_small.jpg"}'),
(48, 16, '整套消防挂画设计', 'http://sucai.redocn.com/zhanban_8239193.html', 1495539907, 0, '{"title":"\\u6574\\u5957\\u6d88\\u9632\\u6302\\u753b\\u8bbe\\u8ba1","bianhao":"\\u7d20\\u6750\\u7f16\\u53f7 \\uff1a 8239193","geshi":"PSD(Photoshop CS6\\u53ca\\u4ee5\\u4e0a\\u7248\\u672c)","tiji":"\\u7d20\\u6750\\u5927\\u5c0f \\uff1a  80.84 MB","url":"http:\\/\\/sucai.redocn.com\\/zhanban_8239193.html","litpic":"http:\\/\\/img.redocn.com\\/sheji\\/20170520\\/zhengtaoxiaofangguahuasheji_8239193_small.jpg"}'),
(49, 16, '高端创意整套消息宣传画展板', 'http://sucai.redocn.com/zhanban_8239191.html', 1495539907, 0, '{"title":"\\u9ad8\\u7aef\\u521b\\u610f\\u6574\\u5957\\u6d88\\u606f\\u5ba3\\u4f20\\u753b\\u5c55\\u677f","bianhao":"\\u7d20\\u6750\\u7f16\\u53f7 \\uff1a 8239191","geshi":"PSD(Photoshop CS6\\u53ca\\u4ee5\\u4e0a\\u7248\\u672c)","tiji":"\\u7d20\\u6750\\u5927\\u5c0f \\uff1a  90.4 MB","url":"http:\\/\\/sucai.redocn.com\\/zhanban_8239191.html","litpic":"http:\\/\\/img.redocn.com\\/sheji\\/20170520\\/gaoduanchuangyizhengtaoxiaoxixuanchuanhuazhanban_8239191_small.jpg"}'),
(50, 16, '消防展板', 'http://sucai.redocn.com/zhanban_8239187.html', 1495539907, 0, '{"title":"\\u6d88\\u9632\\u5c55\\u677f","bianhao":"\\u7d20\\u6750\\u7f16\\u53f7 \\uff1a 8239187","geshi":"PSD(Photoshop CS6\\u53ca\\u4ee5\\u4e0a\\u7248\\u672c)","tiji":"\\u7d20\\u6750\\u5927\\u5c0f \\uff1a  209.3 MB","url":"http:\\/\\/sucai.redocn.com\\/zhanban_8239187.html","litpic":"http:\\/\\/img.redocn.com\\/sheji\\/20170520\\/xiaofangzhanban_8239187_small.jpg"}'),
(51, 16, '消防展板设计素材', 'http://sucai.redocn.com/zhanban_8239185.html', 1495539907, 0, '{"title":"\\u6d88\\u9632\\u5c55\\u677f\\u8bbe\\u8ba1\\u7d20\\u6750","bianhao":"\\u7d20\\u6750\\u7f16\\u53f7 \\uff1a 8239185","geshi":"PSD(Photoshop CS6\\u53ca\\u4ee5\\u4e0a\\u7248\\u672c)","tiji":"\\u7d20\\u6750\\u5927\\u5c0f \\uff1a  139.29 MB","url":"http:\\/\\/sucai.redocn.com\\/zhanban_8239185.html","litpic":"http:\\/\\/img.redocn.com\\/sheji\\/20170520\\/xiaofangzhanbanshejisucai_8239185_small.jpg"}'),
(52, 16, '消防宣传日展板', 'http://sucai.redocn.com/zhanban_8239183.html', 1495539907, 0, '{"title":"\\u6d88\\u9632\\u5ba3\\u4f20\\u65e5\\u5c55\\u677f","bianhao":"\\u7d20\\u6750\\u7f16\\u53f7 \\uff1a 8239183","geshi":"PSD(Photoshop CS6\\u53ca\\u4ee5\\u4e0a\\u7248\\u672c)","tiji":"\\u7d20\\u6750\\u5927\\u5c0f \\uff1a  291.42 MB","url":"http:\\/\\/sucai.redocn.com\\/zhanban_8239183.html","litpic":"http:\\/\\/img.redocn.com\\/sheji\\/20170520\\/xiaofangxuanchuanrizhanban_8239183_small.jpg"}'),
(53, 16, '大学宣传消防展板设计', 'http://sucai.redocn.com/zhanban_8239181.html', 1495539907, 0, '{"title":"\\u5927\\u5b66\\u5ba3\\u4f20\\u6d88\\u9632\\u5c55\\u677f\\u8bbe\\u8ba1","bianhao":"\\u7d20\\u6750\\u7f16\\u53f7 \\uff1a 8239181","geshi":"PSD(Photoshop CS6\\u53ca\\u4ee5\\u4e0a\\u7248\\u672c)","tiji":"\\u7d20\\u6750\\u5927\\u5c0f \\uff1a  190.97 MB","url":"http:\\/\\/sucai.redocn.com\\/zhanban_8239181.html","litpic":"http:\\/\\/img.redocn.com\\/sheji\\/20170520\\/daxuexuanchuanxiaofangzhanbansheji_8239181_small.jpg"}'),
(54, 16, '校园消防日防火消防安全宣传展板', 'http://sucai.redocn.com/zhanban_8239179.html', 1495539908, 0, '{"title":"\\u6821\\u56ed\\u6d88\\u9632\\u65e5\\u9632\\u706b\\u6d88\\u9632\\u5b89\\u5168\\u5ba3\\u4f20\\u5c55\\u677f","bianhao":"\\u7d20\\u6750\\u7f16\\u53f7 \\uff1a 8239179","geshi":"PSD(Photoshop CS6\\u53ca\\u4ee5\\u4e0a\\u7248\\u672c)","tiji":"\\u7d20\\u6750\\u5927\\u5c0f \\uff1a  183.83 MB","url":"http:\\/\\/sucai.redocn.com\\/zhanban_8239179.html","litpic":"http:\\/\\/imgs.redocn.com\\/image\\/grey.gif"}'),
(55, 16, '简约高端消防企业文化宣传展板设计', 'http://sucai.redocn.com/zhanban_8239177.html', 1495539908, 0, '{"title":"\\u7b80\\u7ea6\\u9ad8\\u7aef\\u6d88\\u9632\\u4f01\\u4e1a\\u6587\\u5316\\u5ba3\\u4f20\\u5c55\\u677f\\u8bbe\\u8ba1","bianhao":"\\u7d20\\u6750\\u7f16\\u53f7 \\uff1a 8239177","geshi":"PSD(Photoshop CS6\\u53ca\\u4ee5\\u4e0a\\u7248\\u672c)","tiji":"\\u7d20\\u6750\\u5927\\u5c0f \\uff1a  183.84 MB","url":"http:\\/\\/sucai.redocn.com\\/zhanban_8239177.html","litpic":"http:\\/\\/imgs.redocn.com\\/image\\/grey.gif"}'),
(56, 16, '公司消防宣传画口号设计展板', 'http://sucai.redocn.com/zhanban_8239173.html', 1495539908, 0, '{"title":"\\u516c\\u53f8\\u6d88\\u9632\\u5ba3\\u4f20\\u753b\\u53e3\\u53f7\\u8bbe\\u8ba1\\u5c55\\u677f","bianhao":"\\u7d20\\u6750\\u7f16\\u53f7 \\uff1a 8239173","geshi":"PSD(Photoshop CS6\\u53ca\\u4ee5\\u4e0a\\u7248\\u672c)","tiji":"\\u7d20\\u6750\\u5927\\u5c0f \\uff1a  66.56 MB","url":"http:\\/\\/sucai.redocn.com\\/zhanban_8239173.html","litpic":"http:\\/\\/imgs.redocn.com\\/image\\/grey.gif"}'),
(57, 16, '消防宣传日展板设计', 'http://sucai.redocn.com/zhanban_8239171.html', 1495539908, 0, '{"title":"\\u6d88\\u9632\\u5ba3\\u4f20\\u65e5\\u5c55\\u677f\\u8bbe\\u8ba1","bianhao":"\\u7d20\\u6750\\u7f16\\u53f7 \\uff1a 8239171","geshi":"PSD(Photoshop CS6\\u53ca\\u4ee5\\u4e0a\\u7248\\u672c)","tiji":"\\u7d20\\u6750\\u5927\\u5c0f \\uff1a  154.23 MB","url":"http:\\/\\/sucai.redocn.com\\/zhanban_8239171.html","litpic":"http:\\/\\/imgs.redocn.com\\/image\\/grey.gif"}'),
(58, 16, '消防挂画模板素材PSD', 'http://sucai.redocn.com/zhanban_8239169.html', 1495539908, 0, '{"title":"\\u6d88\\u9632\\u6302\\u753b\\u6a21\\u677f\\u7d20\\u6750PSD","bianhao":"\\u7d20\\u6750\\u7f16\\u53f7 \\uff1a 8239169","geshi":"PSD(Photoshop CS6\\u53ca\\u4ee5\\u4e0a\\u7248\\u672c)","tiji":"\\u7d20\\u6750\\u5927\\u5c0f \\uff1a  210.91 MB","url":"http:\\/\\/sucai.redocn.com\\/zhanban_8239169.html","litpic":"http:\\/\\/imgs.redocn.com\\/image\\/grey.gif"}'),
(59, 16, '简约大气红色整套消防展板模板', 'http://sucai.redocn.com/zhanban_8239167.html', 1495539908, 0, '{"title":"\\u7b80\\u7ea6\\u5927\\u6c14\\u7ea2\\u8272\\u6574\\u5957\\u6d88\\u9632\\u5c55\\u677f\\u6a21\\u677f","bianhao":"\\u7d20\\u6750\\u7f16\\u53f7 \\uff1a 8239167","geshi":"PSD(Photoshop CS6\\u53ca\\u4ee5\\u4e0a\\u7248\\u672c)","tiji":"\\u7d20\\u6750\\u5927\\u5c0f \\uff1a  145.88 MB","url":"http:\\/\\/sucai.redocn.com\\/zhanban_8239167.html","litpic":"http:\\/\\/imgs.redocn.com\\/image\\/grey.gif"}'),
(60, 16, '创意消防安全人人有责展板设计', 'http://sucai.redocn.com/zhanban_8239163.html', 1495539908, 0, '{"title":"\\u521b\\u610f\\u6d88\\u9632\\u5b89\\u5168\\u4eba\\u4eba\\u6709\\u8d23\\u5c55\\u677f\\u8bbe\\u8ba1","bianhao":"\\u7d20\\u6750\\u7f16\\u53f7 \\uff1a 8239163","geshi":"PSD(Photoshop CS6\\u53ca\\u4ee5\\u4e0a\\u7248\\u672c)","tiji":"\\u7d20\\u6750\\u5927\\u5c0f \\uff1a  255.37 MB","url":"http:\\/\\/sucai.redocn.com\\/zhanban_8239163.html","litpic":"http:\\/\\/imgs.redocn.com\\/image\\/grey.gif"}'),
(61, 16, '消防宣传日口号挂画展板素材下载', 'http://sucai.redocn.com/zhanban_8239159.html', 1495539908, 0, '{"title":"\\u6d88\\u9632\\u5ba3\\u4f20\\u65e5\\u53e3\\u53f7\\u6302\\u753b\\u5c55\\u677f\\u7d20\\u6750\\u4e0b\\u8f7d","bianhao":"\\u7d20\\u6750\\u7f16\\u53f7 \\uff1a 8239159","geshi":"PSD(Photoshop CS6\\u53ca\\u4ee5\\u4e0a\\u7248\\u672c)","tiji":"\\u7d20\\u6750\\u5927\\u5c0f \\uff1a  92.66 MB","url":"http:\\/\\/sucai.redocn.com\\/zhanban_8239159.html","litpic":"http:\\/\\/imgs.redocn.com\\/image\\/grey.gif"}'),
(62, 16, '消防挂画整套设计模板', 'http://sucai.redocn.com/zhanban_8239155.html', 1495539908, 0, '{"title":"\\u6d88\\u9632\\u6302\\u753b\\u6574\\u5957\\u8bbe\\u8ba1\\u6a21\\u677f","bianhao":"\\u7d20\\u6750\\u7f16\\u53f7 \\uff1a 8239155","geshi":"PSD(Photoshop CS6\\u53ca\\u4ee5\\u4e0a\\u7248\\u672c)","tiji":"\\u7d20\\u6750\\u5927\\u5c0f \\uff1a  121.23 MB","url":"http:\\/\\/sucai.redocn.com\\/zhanban_8239155.html","litpic":"http:\\/\\/imgs.redocn.com\\/image\\/grey.gif"}'),
(63, 16, '整套街道办消防展板设计', 'http://sucai.redocn.com/zhanban_8239153.html', 1495539908, 0, '{"title":"\\u6574\\u5957\\u8857\\u9053\\u529e\\u6d88\\u9632\\u5c55\\u677f\\u8bbe\\u8ba1","bianhao":"\\u7d20\\u6750\\u7f16\\u53f7 \\uff1a 8239153","geshi":"PSD(Photoshop CS6\\u53ca\\u4ee5\\u4e0a\\u7248\\u672c)","tiji":"\\u7d20\\u6750\\u5927\\u5c0f \\uff1a  139.57 MB","url":"http:\\/\\/sucai.redocn.com\\/zhanban_8239153.html","litpic":"http:\\/\\/imgs.redocn.com\\/image\\/grey.gif"}'),
(64, 16, '整套校园消防展板设计', 'http://sucai.redocn.com/zhanban_8239151.html', 1495539908, 0, '{"title":"\\u6574\\u5957\\u6821\\u56ed\\u6d88\\u9632\\u5c55\\u677f\\u8bbe\\u8ba1","bianhao":"\\u7d20\\u6750\\u7f16\\u53f7 \\uff1a 8239151","geshi":"PSD(Photoshop CS6\\u53ca\\u4ee5\\u4e0a\\u7248\\u672c)","tiji":"\\u7d20\\u6750\\u5927\\u5c0f \\uff1a  120.04 MB","url":"http:\\/\\/sucai.redocn.com\\/zhanban_8239151.html","litpic":"http:\\/\\/imgs.redocn.com\\/image\\/grey.gif"}'),
(65, 16, '校园消防安全小报模版', 'http://sucai.redocn.com/zhanban_8239149.html', 1495539908, 0, '{"title":"\\u6821\\u56ed\\u6d88\\u9632\\u5b89\\u5168\\u5c0f\\u62a5\\u6a21\\u7248","bianhao":"\\u7d20\\u6750\\u7f16\\u53f7 \\uff1a 8239149","geshi":"PSD(Photoshop CS6\\u53ca\\u4ee5\\u4e0a\\u7248\\u672c)","tiji":"\\u7d20\\u6750\\u5927\\u5c0f \\uff1a  100.18 MB","url":"http:\\/\\/sucai.redocn.com\\/zhanban_8239149.html","litpic":"http:\\/\\/imgs.redocn.com\\/image\\/grey.gif"}'),
(66, 16, '实用消防安全知识宣传栏展板设计', 'http://sucai.redocn.com/zhanban_8239147.html', 1495539908, 0, '{"title":"\\u5b9e\\u7528\\u6d88\\u9632\\u5b89\\u5168\\u77e5\\u8bc6\\u5ba3\\u4f20\\u680f\\u5c55\\u677f\\u8bbe\\u8ba1","bianhao":"\\u7d20\\u6750\\u7f16\\u53f7 \\uff1a 8239147","geshi":"PSD(Photoshop CS6\\u53ca\\u4ee5\\u4e0a\\u7248\\u672c)","tiji":"\\u7d20\\u6750\\u5927\\u5c0f \\uff1a  274.57 MB","url":"http:\\/\\/sucai.redocn.com\\/zhanban_8239147.html","litpic":"http:\\/\\/imgs.redocn.com\\/image\\/grey.gif"}'),
(67, 16, '简约消防安全生产等展板', 'http://sucai.redocn.com/zhanban_8239145.html', 1495539908, 0, '{"title":"\\u7b80\\u7ea6\\u6d88\\u9632\\u5b89\\u5168\\u751f\\u4ea7\\u7b49\\u5c55\\u677f","bianhao":"\\u7d20\\u6750\\u7f16\\u53f7 \\uff1a 8239145","geshi":"PSD(Photoshop CS6\\u53ca\\u4ee5\\u4e0a\\u7248\\u672c)","tiji":"\\u7d20\\u6750\\u5927\\u5c0f \\uff1a  139.32 MB","url":"http:\\/\\/sucai.redocn.com\\/zhanban_8239145.html","litpic":"http:\\/\\/imgs.redocn.com\\/image\\/grey.gif"}'),
(68, 16, '整套消防挂图展板', 'http://sucai.redocn.com/zhanban_8239143.html', 1495539908, 0, '{"title":"\\u6574\\u5957\\u6d88\\u9632\\u6302\\u56fe\\u5c55\\u677f","bianhao":"\\u7d20\\u6750\\u7f16\\u53f7 \\uff1a 8239143","geshi":"PSD(Photoshop CS6\\u53ca\\u4ee5\\u4e0a\\u7248\\u672c)","tiji":"\\u7d20\\u6750\\u5927\\u5c0f \\uff1a  112.54 MB","url":"http:\\/\\/sucai.redocn.com\\/zhanban_8239143.html","litpic":"http:\\/\\/imgs.redocn.com\\/image\\/grey.gif"}'),
(69, 16, '消防安全教育宣传展板', 'http://sucai.redocn.com/zhanban_8239135.html', 1495539908, 0, '{"title":"\\u6d88\\u9632\\u5b89\\u5168\\u6559\\u80b2\\u5ba3\\u4f20\\u5c55\\u677f","bianhao":"\\u7d20\\u6750\\u7f16\\u53f7 \\uff1a 8239135","geshi":"PSD(Photoshop CS6\\u53ca\\u4ee5\\u4e0a\\u7248\\u672c)","tiji":"\\u7d20\\u6750\\u5927\\u5c0f \\uff1a  44.67 MB","url":"http:\\/\\/sucai.redocn.com\\/zhanban_8239135.html","litpic":"http:\\/\\/imgs.redocn.com\\/image\\/grey.gif"}'),
(70, 16, '单位消防安全宣传展板', 'http://sucai.redocn.com/zhanban_8239133.html', 1495539908, 0, '{"title":"\\u5355\\u4f4d\\u6d88\\u9632\\u5b89\\u5168\\u5ba3\\u4f20\\u5c55\\u677f","bianhao":"\\u7d20\\u6750\\u7f16\\u53f7 \\uff1a 8239133","geshi":"PSD(Photoshop CS6\\u53ca\\u4ee5\\u4e0a\\u7248\\u672c)","tiji":"\\u7d20\\u6750\\u5927\\u5c0f \\uff1a  261.99 MB","url":"http:\\/\\/sucai.redocn.com\\/zhanban_8239133.html","litpic":"http:\\/\\/imgs.redocn.com\\/image\\/grey.gif"}'),
(71, 16, '街道消防安全知识宣传展板', 'http://sucai.redocn.com/zhanban_8239131.html', 1495539908, 0, '{"title":"\\u8857\\u9053\\u6d88\\u9632\\u5b89\\u5168\\u77e5\\u8bc6\\u5ba3\\u4f20\\u5c55\\u677f","bianhao":"\\u7d20\\u6750\\u7f16\\u53f7 \\uff1a 8239131","geshi":"PSD(Photoshop CS6\\u53ca\\u4ee5\\u4e0a\\u7248\\u672c)","tiji":"\\u7d20\\u6750\\u5927\\u5c0f \\uff1a  413.87 MB","url":"http:\\/\\/sucai.redocn.com\\/zhanban_8239131.html","litpic":"http:\\/\\/imgs.redocn.com\\/image\\/grey.gif"}'),
(72, 16, '安全防火墙宣传展板', 'http://sucai.redocn.com/zhanban_8239125.html', 1495539908, 0, '{"title":"\\u5b89\\u5168\\u9632\\u706b\\u5899\\u5ba3\\u4f20\\u5c55\\u677f","bianhao":"\\u7d20\\u6750\\u7f16\\u53f7 \\uff1a 8239125","geshi":"PSD(Photoshop CS6\\u53ca\\u4ee5\\u4e0a\\u7248\\u672c)","tiji":"\\u7d20\\u6750\\u5927\\u5c0f \\uff1a  237.62 MB","url":"http:\\/\\/sucai.redocn.com\\/zhanban_8239125.html","litpic":"http:\\/\\/imgs.redocn.com\\/image\\/grey.gif"}'),
(73, 16, '消防宣传栏展板模板', 'http://sucai.redocn.com/zhanban_8239123.html', 1495539908, 0, '{"title":"\\u6d88\\u9632\\u5ba3\\u4f20\\u680f\\u5c55\\u677f\\u6a21\\u677f","bianhao":"\\u7d20\\u6750\\u7f16\\u53f7 \\uff1a 8239123","geshi":"PSD(Photoshop CS6\\u53ca\\u4ee5\\u4e0a\\u7248\\u672c)","tiji":"\\u7d20\\u6750\\u5927\\u5c0f \\uff1a  94.13 MB","url":"http:\\/\\/sucai.redocn.com\\/zhanban_8239123.html","litpic":"http:\\/\\/imgs.redocn.com\\/image\\/grey.gif"}'),
(74, 16, '整套创意社区消防安全展板模板', 'http://sucai.redocn.com/zhanban_8239119.html', 1495539908, 0, '{"title":"\\u6574\\u5957\\u521b\\u610f\\u793e\\u533a\\u6d88\\u9632\\u5b89\\u5168\\u5c55\\u677f\\u6a21\\u677f","bianhao":"\\u7d20\\u6750\\u7f16\\u53f7 \\uff1a 8239119","geshi":"PSD(Photoshop CS6\\u53ca\\u4ee5\\u4e0a\\u7248\\u672c)","tiji":"\\u7d20\\u6750\\u5927\\u5c0f \\uff1a  228.92 MB","url":"http:\\/\\/sucai.redocn.com\\/zhanban_8239119.html","litpic":"http:\\/\\/imgs.redocn.com\\/image\\/grey.gif"}'),
(75, 16, '119消防宣传日展板', 'http://sucai.redocn.com/zhanban_8239113.html', 1495539908, 0, '{"title":"119\\u6d88\\u9632\\u5ba3\\u4f20\\u65e5\\u5c55\\u677f","bianhao":"\\u7d20\\u6750\\u7f16\\u53f7 \\uff1a 8239113","geshi":"PSD(Photoshop CS6\\u53ca\\u4ee5\\u4e0a\\u7248\\u672c)","tiji":"\\u7d20\\u6750\\u5927\\u5c0f \\uff1a  105.85 MB","url":"http:\\/\\/sucai.redocn.com\\/zhanban_8239113.html","litpic":"http:\\/\\/imgs.redocn.com\\/image\\/grey.gif"}'),
(76, 16, '关注消防共享平安宣传展板', 'http://sucai.redocn.com/zhanban_8239111.html', 1495539908, 0, '{"title":"\\u5173\\u6ce8\\u6d88\\u9632\\u5171\\u4eab\\u5e73\\u5b89\\u5ba3\\u4f20\\u5c55\\u677f","bianhao":"\\u7d20\\u6750\\u7f16\\u53f7 \\uff1a 8239111","geshi":"PSD(Photoshop CS6\\u53ca\\u4ee5\\u4e0a\\u7248\\u672c)","tiji":"\\u7d20\\u6750\\u5927\\u5c0f \\uff1a  106.76 MB","url":"http:\\/\\/sucai.redocn.com\\/zhanban_8239111.html","litpic":"http:\\/\\/imgs.redocn.com\\/image\\/grey.gif"}'),
(77, 16, '火警119消防安全展板下载', 'http://sucai.redocn.com/zhanban_8239109.html', 1495539908, 0, '{"title":"\\u706b\\u8b66119\\u6d88\\u9632\\u5b89\\u5168\\u5c55\\u677f\\u4e0b\\u8f7d","bianhao":"\\u7d20\\u6750\\u7f16\\u53f7 \\uff1a 8239109","geshi":"PSD(Photoshop CS6\\u53ca\\u4ee5\\u4e0a\\u7248\\u672c)","tiji":"\\u7d20\\u6750\\u5927\\u5c0f \\uff1a  107.2 MB","url":"http:\\/\\/sucai.redocn.com\\/zhanban_8239109.html","litpic":"http:\\/\\/imgs.redocn.com\\/image\\/grey.gif"}'),
(78, 16, '单位整套关注消防安全生产宣传展板设计', 'http://sucai.redocn.com/zhanban_8239107.html', 1495539908, 0, '{"title":"\\u5355\\u4f4d\\u6574\\u5957\\u5173\\u6ce8\\u6d88\\u9632\\u5b89\\u5168\\u751f\\u4ea7\\u5ba3\\u4f20\\u5c55\\u677f\\u8bbe\\u8ba1","bianhao":"\\u7d20\\u6750\\u7f16\\u53f7 \\uff1a 8239107","geshi":"PSD(Photoshop CS6\\u53ca\\u4ee5\\u4e0a\\u7248\\u672c)","tiji":"\\u7d20\\u6750\\u5927\\u5c0f \\uff1a  220.35 MB","url":"http:\\/\\/sucai.redocn.com\\/zhanban_8239107.html","litpic":"http:\\/\\/img.redocn.com\\/sheji\\/20170520\\/danweizhengtaoguanzhuxiaofanganquanshengchanxuanchuanzhanbansheji_8239107_small.jpg"}'),
(79, 16, '珍爱生命关注消防宣传展板', 'http://sucai.redocn.com/zhanban_8239101.html', 1495539908, 0, '{"title":"\\u73cd\\u7231\\u751f\\u547d\\u5173\\u6ce8\\u6d88\\u9632\\u5ba3\\u4f20\\u5c55\\u677f","bianhao":"\\u7d20\\u6750\\u7f16\\u53f7 \\uff1a 8239101","geshi":"PSD(Photoshop CS6\\u53ca\\u4ee5\\u4e0a\\u7248\\u672c)","tiji":"\\u7d20\\u6750\\u5927\\u5c0f \\uff1a  133.49 MB","url":"http:\\/\\/sucai.redocn.com\\/zhanban_8239101.html","litpic":"http:\\/\\/img.redocn.com\\/sheji\\/20170520\\/zhenaishengmingguanzhuxiaofangxuanchuanzhanban_8239101_small.jpg"}'),
(80, 16, '企业政府整套消防文化展板设计', 'http://sucai.redocn.com/zhanban_8239095.html', 1495539908, 0, '{"title":"\\u4f01\\u4e1a\\u653f\\u5e9c\\u6574\\u5957\\u6d88\\u9632\\u6587\\u5316\\u5c55\\u677f\\u8bbe\\u8ba1","bianhao":"\\u7d20\\u6750\\u7f16\\u53f7 \\uff1a 8239095","geshi":"PSD(Photoshop CS6\\u53ca\\u4ee5\\u4e0a\\u7248\\u672c)","tiji":"\\u7d20\\u6750\\u5927\\u5c0f \\uff1a  111.14 MB","url":"http:\\/\\/sucai.redocn.com\\/zhanban_8239095.html","litpic":"http:\\/\\/img.redocn.com\\/sheji\\/20170520\\/qiyezhengfuzhengtaoxiaofangwenhuazhanbansheji_8239095_small.jpg"}'),
(81, 16, '蓝色整套消防宣传日展板', 'http://sucai.redocn.com/zhanban_8239093.html', 1495539908, 0, '{"title":"\\u84dd\\u8272\\u6574\\u5957\\u6d88\\u9632\\u5ba3\\u4f20\\u65e5\\u5c55\\u677f","bianhao":"\\u7d20\\u6750\\u7f16\\u53f7 \\uff1a 8239093","geshi":"PSD(Photoshop CS6\\u53ca\\u4ee5\\u4e0a\\u7248\\u672c)","tiji":"\\u7d20\\u6750\\u5927\\u5c0f \\uff1a  199.01 MB","url":"http:\\/\\/sucai.redocn.com\\/zhanban_8239093.html","litpic":"http:\\/\\/img.redocn.com\\/sheji\\/20170520\\/lansezhengtaoxiaofangxuanchuanrizhanban_8239093_small.jpg"}'),
(82, 16, '整套蓝色简约消防安全人人有责消防宣传海报', 'http://sucai.redocn.com/zhanban_8239091.html', 1495539908, 0, '{"title":"\\u6574\\u5957\\u84dd\\u8272\\u7b80\\u7ea6\\u6d88\\u9632\\u5b89\\u5168\\u4eba\\u4eba\\u6709\\u8d23\\u6d88\\u9632\\u5ba3\\u4f20\\u6d77\\u62a5","bianhao":"\\u7d20\\u6750\\u7f16\\u53f7 \\uff1a 8239091","geshi":"PSD(Photoshop CS6\\u53ca\\u4ee5\\u4e0a\\u7248\\u672c)","tiji":"\\u7d20\\u6750\\u5927\\u5c0f \\uff1a  124.57 MB","url":"http:\\/\\/sucai.redocn.com\\/zhanban_8239091.html","litpic":"http:\\/\\/img.redocn.com\\/sheji\\/20170520\\/zhengtaolansejianyuexiaofanganquanrenrenyouzexiaofangxuanchuanhaibao_8239091_small.jpg"}'),
(83, 16, '消防日防火消防安全宣传展板', 'http://sucai.redocn.com/zhanban_8239089.html', 1495539908, 0, '{"title":"\\u6d88\\u9632\\u65e5\\u9632\\u706b\\u6d88\\u9632\\u5b89\\u5168\\u5ba3\\u4f20\\u5c55\\u677f","bianhao":"\\u7d20\\u6750\\u7f16\\u53f7 \\uff1a 8239089","geshi":"PSD(Photoshop CS6\\u53ca\\u4ee5\\u4e0a\\u7248\\u672c)","tiji":"\\u7d20\\u6750\\u5927\\u5c0f \\uff1a  130.56 MB","url":"http:\\/\\/sucai.redocn.com\\/zhanban_8239089.html","litpic":"http:\\/\\/img.redocn.com\\/sheji\\/20170520\\/xiaofangrifanghuoxiaofanganquanxuanchuanzhanban_8239089_small.jpg"}'),
(84, 16, '创意中国消防宣传展板', 'http://sucai.redocn.com/zhanban_8239083.html', 1495539908, 0, '{"title":"\\u521b\\u610f\\u4e2d\\u56fd\\u6d88\\u9632\\u5ba3\\u4f20\\u5c55\\u677f","bianhao":"\\u7d20\\u6750\\u7f16\\u53f7 \\uff1a 8239083","geshi":"PSD(Photoshop CS6\\u53ca\\u4ee5\\u4e0a\\u7248\\u672c)","tiji":"\\u7d20\\u6750\\u5927\\u5c0f \\uff1a  347.23 MB","url":"http:\\/\\/sucai.redocn.com\\/zhanban_8239083.html","litpic":"http:\\/\\/img.redocn.com\\/sheji\\/20170520\\/chuangyizhongguoxiaofangxuanchuanzhanban_8239083_small.jpg"}'),
(85, 16, '大气关注消防珍爱生命消防宣传展板设计', 'http://sucai.redocn.com/zhanban_8239079.html', 1495539908, 0, '{"title":"\\u5927\\u6c14\\u5173\\u6ce8\\u6d88\\u9632\\u73cd\\u7231\\u751f\\u547d\\u6d88\\u9632\\u5ba3\\u4f20\\u5c55\\u677f\\u8bbe\\u8ba1","bianhao":"\\u7d20\\u6750\\u7f16\\u53f7 \\uff1a 8239079","geshi":"PSD(Photoshop CS6\\u53ca\\u4ee5\\u4e0a\\u7248\\u672c)","tiji":"\\u7d20\\u6750\\u5927\\u5c0f \\uff1a  249.41 MB","url":"http:\\/\\/sucai.redocn.com\\/zhanban_8239079.html","litpic":"http:\\/\\/img.redocn.com\\/sheji\\/20170520\\/daqiguanzhuxiaofangzhenaishengmingxiaofangxuanchuanzhanbansheji_8239079_small.jpg"}'),
(86, 16, '普及消防知识关注消防宣传展板设计', 'http://sucai.redocn.com/zhanban_8239077.html', 1495539908, 0, '{"title":"\\u666e\\u53ca\\u6d88\\u9632\\u77e5\\u8bc6\\u5173\\u6ce8\\u6d88\\u9632\\u5ba3\\u4f20\\u5c55\\u677f\\u8bbe\\u8ba1","bianhao":"\\u7d20\\u6750\\u7f16\\u53f7 \\uff1a 8239077","geshi":"PSD(Photoshop CS6\\u53ca\\u4ee5\\u4e0a\\u7248\\u672c)","tiji":"\\u7d20\\u6750\\u5927\\u5c0f \\uff1a  168.56 MB","url":"http:\\/\\/sucai.redocn.com\\/zhanban_8239077.html","litpic":"http:\\/\\/img.redocn.com\\/sheji\\/20170520\\/pujixiaofangzhishiguanzhuxiaofangxuanchuanzhanbansheji_8239077_small.jpg"}'),
(87, 16, '红色消防安全教育宣传展板', 'http://sucai.redocn.com/zhanban_8239075.html', 1495539908, 0, '{"title":"\\u7ea2\\u8272\\u6d88\\u9632\\u5b89\\u5168\\u6559\\u80b2\\u5ba3\\u4f20\\u5c55\\u677f","bianhao":"\\u7d20\\u6750\\u7f16\\u53f7 \\uff1a 8239075","geshi":"PSD(Photoshop CS6\\u53ca\\u4ee5\\u4e0a\\u7248\\u672c)","tiji":"\\u7d20\\u6750\\u5927\\u5c0f \\uff1a  249.98 MB","url":"http:\\/\\/sucai.redocn.com\\/zhanban_8239075.html","litpic":"http:\\/\\/img.redocn.com\\/sheji\\/20170520\\/hongsexiaofanganquanjiaoyuxuanchuanzhanban_8239075_small.jpg"}'),
(88, 16, '消防安全逃生宣传展板', 'http://sucai.redocn.com/zhanban_8239073.html', 1495539908, 0, '{"title":"\\u6d88\\u9632\\u5b89\\u5168\\u9003\\u751f\\u5ba3\\u4f20\\u5c55\\u677f","bianhao":"\\u7d20\\u6750\\u7f16\\u53f7 \\uff1a 8239073","geshi":"PSD(Photoshop CS6\\u53ca\\u4ee5\\u4e0a\\u7248\\u672c)","tiji":"\\u7d20\\u6750\\u5927\\u5c0f \\uff1a  158.28 MB","url":"http:\\/\\/sucai.redocn.com\\/zhanban_8239073.html","litpic":"http:\\/\\/img.redocn.com\\/sheji\\/20170520\\/xiaofanganquantaoshengxuanchuanzhanban_8239073_small.jpg"}'),
(89, 16, '社区消防安全宣传展板', 'http://sucai.redocn.com/zhanban_8239071.html', 1495539908, 0, '{"title":"\\u793e\\u533a\\u6d88\\u9632\\u5b89\\u5168\\u5ba3\\u4f20\\u5c55\\u677f","bianhao":"\\u7d20\\u6750\\u7f16\\u53f7 \\uff1a 8239071","geshi":"PSD(Photoshop CS6\\u53ca\\u4ee5\\u4e0a\\u7248\\u672c)","tiji":"\\u7d20\\u6750\\u5927\\u5c0f \\uff1a  157.71 MB","url":"http:\\/\\/sucai.redocn.com\\/zhanban_8239071.html","litpic":"http:\\/\\/img.redocn.com\\/sheji\\/20170520\\/shequxiaofanganquanxuanchuanzhanban_8239071_small.jpg"}'),
(90, 16, '整套单位消防防火安全宣传展板', 'http://sucai.redocn.com/zhanban_8239069.html', 1495539908, 0, '{"title":"\\u6574\\u5957\\u5355\\u4f4d\\u6d88\\u9632\\u9632\\u706b\\u5b89\\u5168\\u5ba3\\u4f20\\u5c55\\u677f","bianhao":"\\u7d20\\u6750\\u7f16\\u53f7 \\uff1a 8239069","geshi":"PSD(Photoshop CS6\\u53ca\\u4ee5\\u4e0a\\u7248\\u672c)","tiji":"\\u7d20\\u6750\\u5927\\u5c0f \\uff1a  249.33 MB","url":"http:\\/\\/sucai.redocn.com\\/zhanban_8239069.html","litpic":"http:\\/\\/img.redocn.com\\/sheji\\/20170520\\/zhengtaodanweixiaofangfanghuoanquanxuanchuanzhanban_8239069_small.jpg"}'),
(91, 16, '整套消防安全标语宣传展板', 'http://sucai.redocn.com/zhanban_8239065.html', 1495539908, 0, '{"title":"\\u6574\\u5957\\u6d88\\u9632\\u5b89\\u5168\\u6807\\u8bed\\u5ba3\\u4f20\\u5c55\\u677f","bianhao":"\\u7d20\\u6750\\u7f16\\u53f7 \\uff1a 8239065","geshi":"PSD(Photoshop CS6\\u53ca\\u4ee5\\u4e0a\\u7248\\u672c)","tiji":"\\u7d20\\u6750\\u5927\\u5c0f \\uff1a  109.3 MB","url":"http:\\/\\/sucai.redocn.com\\/zhanban_8239065.html","litpic":"http:\\/\\/img.redocn.com\\/sheji\\/20170520\\/zhengtaoxiaofanganquanbiaoyuxuanchuanzhanban_8239065_small.jpg"}'),
(92, 16, '消防安全人人有责宣传展板', 'http://sucai.redocn.com/zhanban_8239063.html', 1495539908, 0, '{"title":"\\u6d88\\u9632\\u5b89\\u5168\\u4eba\\u4eba\\u6709\\u8d23\\u5ba3\\u4f20\\u5c55\\u677f","bianhao":"\\u7d20\\u6750\\u7f16\\u53f7 \\uff1a 8239063","geshi":"PSD(Photoshop CS6\\u53ca\\u4ee5\\u4e0a\\u7248\\u672c)","tiji":"\\u7d20\\u6750\\u5927\\u5c0f \\uff1a  258.42 MB","url":"http:\\/\\/sucai.redocn.com\\/zhanban_8239063.html","litpic":"http:\\/\\/img.redocn.com\\/sheji\\/20170520\\/xiaofanganquanrenrenyouzexuanchuanzhanban_8239063_small.jpg"}'),
(93, 16, '消除火灾构建和谐消防宣传展板设计', 'http://sucai.redocn.com/zhanban_8239061.html', 1495539908, 0, '{"title":"\\u6d88\\u9664\\u706b\\u707e\\u6784\\u5efa\\u548c\\u8c10\\u6d88\\u9632\\u5ba3\\u4f20\\u5c55\\u677f\\u8bbe\\u8ba1","bianhao":"\\u7d20\\u6750\\u7f16\\u53f7 \\uff1a 8239061","geshi":"PSD(Photoshop CS6\\u53ca\\u4ee5\\u4e0a\\u7248\\u672c)","tiji":"\\u7d20\\u6750\\u5927\\u5c0f \\uff1a  205.28 MB","url":"http:\\/\\/sucai.redocn.com\\/zhanban_8239061.html","litpic":"http:\\/\\/imgs.redocn.com\\/image\\/grey.gif"}');
INSERT INTO `tp_html` (`id`, `nid`, `title`, `url`, `addtime`, `export`, `result`) VALUES
(94, 16, '创意关注消防珍爱生命消防宣传展板设计', 'http://sucai.redocn.com/zhanban_8239059.html', 1495539908, 0, '{"title":"\\u521b\\u610f\\u5173\\u6ce8\\u6d88\\u9632\\u73cd\\u7231\\u751f\\u547d\\u6d88\\u9632\\u5ba3\\u4f20\\u5c55\\u677f\\u8bbe\\u8ba1","bianhao":"\\u7d20\\u6750\\u7f16\\u53f7 \\uff1a 8239059","geshi":"PSD(Photoshop CS6\\u53ca\\u4ee5\\u4e0a\\u7248\\u672c)","tiji":"\\u7d20\\u6750\\u5927\\u5c0f \\uff1a  156.91 MB","url":"http:\\/\\/sucai.redocn.com\\/zhanban_8239059.html","litpic":"http:\\/\\/imgs.redocn.com\\/image\\/grey.gif"}'),
(95, 16, '构建平安社会关注消防宣传展板设计', 'http://sucai.redocn.com/zhanban_8239055.html', 1495539908, 0, '{"title":"\\u6784\\u5efa\\u5e73\\u5b89\\u793e\\u4f1a\\u5173\\u6ce8\\u6d88\\u9632\\u5ba3\\u4f20\\u5c55\\u677f\\u8bbe\\u8ba1","bianhao":"\\u7d20\\u6750\\u7f16\\u53f7 \\uff1a 8239055","geshi":"PSD(Photoshop CS6\\u53ca\\u4ee5\\u4e0a\\u7248\\u672c)","tiji":"\\u7d20\\u6750\\u5927\\u5c0f \\uff1a  247.56 MB","url":"http:\\/\\/sucai.redocn.com\\/zhanban_8239055.html","litpic":"http:\\/\\/imgs.redocn.com\\/image\\/grey.gif"}'),
(96, 16, '关注消防宣传展板', 'http://sucai.redocn.com/zhanban_8239051.html', 1495539908, 0, '{"title":"\\u5173\\u6ce8\\u6d88\\u9632\\u5ba3\\u4f20\\u5c55\\u677f","bianhao":"\\u7d20\\u6750\\u7f16\\u53f7 \\uff1a 8239051","geshi":"PSD(Photoshop CS6\\u53ca\\u4ee5\\u4e0a\\u7248\\u672c)","tiji":"\\u7d20\\u6750\\u5927\\u5c0f \\uff1a  147.04 MB","url":"http:\\/\\/sucai.redocn.com\\/zhanban_8239051.html","litpic":"http:\\/\\/imgs.redocn.com\\/image\\/grey.gif"}'),
(97, 16, '高端大气红色消防挂画设计模板', 'http://sucai.redocn.com/zhanban_8239047.html', 1495539908, 0, '{"title":"\\u9ad8\\u7aef\\u5927\\u6c14\\u7ea2\\u8272\\u6d88\\u9632\\u6302\\u753b\\u8bbe\\u8ba1\\u6a21\\u677f","bianhao":"\\u7d20\\u6750\\u7f16\\u53f7 \\uff1a 8239047","geshi":"PSD(Photoshop CS6\\u53ca\\u4ee5\\u4e0a\\u7248\\u672c)","tiji":"\\u7d20\\u6750\\u5927\\u5c0f \\uff1a  153.29 MB","url":"http:\\/\\/sucai.redocn.com\\/zhanban_8239047.html","litpic":"http:\\/\\/imgs.redocn.com\\/image\\/grey.gif"}'),
(98, 16, '大气创意消防素材设计', 'http://sucai.redocn.com/zhanban_8239045.html', 1495539908, 0, '{"title":"\\u5927\\u6c14\\u521b\\u610f\\u6d88\\u9632\\u7d20\\u6750\\u8bbe\\u8ba1","bianhao":"\\u7d20\\u6750\\u7f16\\u53f7 \\uff1a 8239045","geshi":"PSD(Photoshop CS6\\u53ca\\u4ee5\\u4e0a\\u7248\\u672c)","tiji":"\\u7d20\\u6750\\u5927\\u5c0f \\uff1a  208.02 MB","url":"http:\\/\\/sucai.redocn.com\\/zhanban_8239045.html","litpic":"http:\\/\\/imgs.redocn.com\\/image\\/grey.gif"}'),
(99, 16, '大气安全生产月展板', 'http://sucai.redocn.com/zhanban_8238713.html', 1495539908, 0, '{"title":"\\u5927\\u6c14\\u5b89\\u5168\\u751f\\u4ea7\\u6708\\u5c55\\u677f","bianhao":"\\u7d20\\u6750\\u7f16\\u53f7 \\uff1a 8238713","geshi":"PSD(Photoshop CS5\\u53ca\\u4ee5\\u4e0a\\u7248\\u672c)","tiji":"\\u7d20\\u6750\\u5927\\u5c0f \\uff1a  102.61 MB","url":"http:\\/\\/sucai.redocn.com\\/zhanban_8238713.html","litpic":"http:\\/\\/imgs.redocn.com\\/image\\/grey.gif"}'),
(100, 16, '2017安全生产月主题挂画', 'http://sucai.redocn.com/zhanban_8237627.html', 1495539908, 0, '{"title":"2017\\u5b89\\u5168\\u751f\\u4ea7\\u6708\\u4e3b\\u9898\\u6302\\u753b","bianhao":"\\u7d20\\u6750\\u7f16\\u53f7 \\uff1a 8237627","geshi":"CDR(CorelDRAW X4\\u53ca\\u4ee5\\u4e0a\\u7248\\u672c)","tiji":"\\u7d20\\u6750\\u5927\\u5c0f \\uff1a  23.62 MB","url":"http:\\/\\/sucai.redocn.com\\/zhanban_8237627.html","litpic":"http:\\/\\/imgs.redocn.com\\/image\\/grey.gif"}'),
(101, 16, '古典中国风消防展板PSD', 'http://sucai.redocn.com/zhanban_8239043.html', 1495539908, 0, '{"title":"\\u53e4\\u5178\\u4e2d\\u56fd\\u98ce\\u6d88\\u9632\\u5c55\\u677fPSD","bianhao":"\\u7d20\\u6750\\u7f16\\u53f7 \\uff1a 8239043","geshi":"PSD(Photoshop CS6\\u53ca\\u4ee5\\u4e0a\\u7248\\u672c)","tiji":"\\u7d20\\u6750\\u5927\\u5c0f \\uff1a  342.34 MB","url":"http:\\/\\/sucai.redocn.com\\/zhanban_8239043.html","litpic":"http:\\/\\/imgs.redocn.com\\/image\\/grey.gif"}'),
(102, 16, '人人防灾防火关注消防宣传展板设计', 'http://sucai.redocn.com/zhanban_8239041.html', 1495539908, 0, '{"title":"\\u4eba\\u4eba\\u9632\\u707e\\u9632\\u706b\\u5173\\u6ce8\\u6d88\\u9632\\u5ba3\\u4f20\\u5c55\\u677f\\u8bbe\\u8ba1","bianhao":"\\u7d20\\u6750\\u7f16\\u53f7 \\uff1a 8239041","geshi":"PSD(Photoshop CS6\\u53ca\\u4ee5\\u4e0a\\u7248\\u672c)","tiji":"\\u7d20\\u6750\\u5927\\u5c0f \\uff1a  78.36 MB","url":"http:\\/\\/sucai.redocn.com\\/zhanban_8239041.html","litpic":"http:\\/\\/imgs.redocn.com\\/image\\/grey.gif"}'),
(103, 16, '整套红色喜气消防挂画设计', 'http://sucai.redocn.com/zhanban_8239039.html', 1495539908, 0, '{"title":"\\u6574\\u5957\\u7ea2\\u8272\\u559c\\u6c14\\u6d88\\u9632\\u6302\\u753b\\u8bbe\\u8ba1","bianhao":"\\u7d20\\u6750\\u7f16\\u53f7 \\uff1a 8239039","geshi":"PSD(Photoshop CS6\\u53ca\\u4ee5\\u4e0a\\u7248\\u672c)","tiji":"\\u7d20\\u6750\\u5927\\u5c0f \\uff1a  162.45 MB","url":"http:\\/\\/sucai.redocn.com\\/zhanban_8239039.html","litpic":"http:\\/\\/imgs.redocn.com\\/image\\/grey.gif"}'),
(104, 16, '整套创意消防展板素材', 'http://sucai.redocn.com/zhanban_8239033.html', 1495539908, 0, '{"title":"\\u6574\\u5957\\u521b\\u610f\\u6d88\\u9632\\u5c55\\u677f\\u7d20\\u6750","bianhao":"\\u7d20\\u6750\\u7f16\\u53f7 \\uff1a 8239033","geshi":"PSD(Photoshop CS6\\u53ca\\u4ee5\\u4e0a\\u7248\\u672c)","tiji":"\\u7d20\\u6750\\u5927\\u5c0f \\uff1a  136.71 MB","url":"http:\\/\\/sucai.redocn.com\\/zhanban_8239033.html","litpic":"http:\\/\\/imgs.redocn.com\\/image\\/grey.gif"}'),
(105, 16, '消防口号挂画设计PSD', 'http://sucai.redocn.com/zhanban_8239027.html', 1495539908, 0, '{"title":"\\u6d88\\u9632\\u53e3\\u53f7\\u6302\\u753b\\u8bbe\\u8ba1PSD","bianhao":"\\u7d20\\u6750\\u7f16\\u53f7 \\uff1a 8239027","geshi":"PSD(Photoshop CS6\\u53ca\\u4ee5\\u4e0a\\u7248\\u672c)","tiji":"\\u7d20\\u6750\\u5927\\u5c0f \\uff1a  74.36 MB","url":"http:\\/\\/sucai.redocn.com\\/zhanban_8239027.html","litpic":"http:\\/\\/imgs.redocn.com\\/image\\/grey.gif"}'),
(106, 16, '整套消防挂画口号设计PSD', 'http://sucai.redocn.com/zhanban_8239025.html', 1495539908, 0, '{"title":"\\u6574\\u5957\\u6d88\\u9632\\u6302\\u753b\\u53e3\\u53f7\\u8bbe\\u8ba1PSD","bianhao":"\\u7d20\\u6750\\u7f16\\u53f7 \\uff1a 8239025","geshi":"PSD(Photoshop CS6\\u53ca\\u4ee5\\u4e0a\\u7248\\u672c)","tiji":"\\u7d20\\u6750\\u5927\\u5c0f \\uff1a  190.82 MB","url":"http:\\/\\/sucai.redocn.com\\/zhanban_8239025.html","litpic":"http:\\/\\/imgs.redocn.com\\/image\\/grey.gif"}'),
(107, 16, '蓝色创意消防整套展板挂画设计素材', 'http://sucai.redocn.com/zhanban_8239021.html', 1495539908, 0, '{"title":"\\u84dd\\u8272\\u521b\\u610f\\u6d88\\u9632\\u6574\\u5957\\u5c55\\u677f\\u6302\\u753b\\u8bbe\\u8ba1\\u7d20\\u6750","bianhao":"\\u7d20\\u6750\\u7f16\\u53f7 \\uff1a 8239021","geshi":"PSD(Photoshop CS6\\u53ca\\u4ee5\\u4e0a\\u7248\\u672c)","tiji":"\\u7d20\\u6750\\u5927\\u5c0f \\uff1a  206.98 MB","url":"http:\\/\\/sucai.redocn.com\\/zhanban_8239021.html","litpic":"http:\\/\\/imgs.redocn.com\\/image\\/grey.gif"}'),
(108, 16, '整套创意消防展板设计', 'http://sucai.redocn.com/zhanban_8239019.html', 1495539908, 0, '{"title":"\\u6574\\u5957\\u521b\\u610f\\u6d88\\u9632\\u5c55\\u677f\\u8bbe\\u8ba1","bianhao":"\\u7d20\\u6750\\u7f16\\u53f7 \\uff1a 8239019","geshi":"PSD(Photoshop CS6\\u53ca\\u4ee5\\u4e0a\\u7248\\u672c)","tiji":"\\u7d20\\u6750\\u5927\\u5c0f \\uff1a  135.37 MB","url":"http:\\/\\/sucai.redocn.com\\/zhanban_8239019.html","litpic":"http:\\/\\/imgs.redocn.com\\/image\\/grey.gif"}'),
(109, 16, '创意时尚消防办公室整套挂画设计模板', 'http://sucai.redocn.com/zhanban_8239015.html', 1495539909, 0, '{"title":"\\u521b\\u610f\\u65f6\\u5c1a\\u6d88\\u9632\\u529e\\u516c\\u5ba4\\u6574\\u5957\\u6302\\u753b\\u8bbe\\u8ba1\\u6a21\\u677f","bianhao":"\\u7d20\\u6750\\u7f16\\u53f7 \\uff1a 8239015","geshi":"PSD(Photoshop CS6\\u53ca\\u4ee5\\u4e0a\\u7248\\u672c)","tiji":"\\u7d20\\u6750\\u5927\\u5c0f \\uff1a  102.14 MB","url":"http:\\/\\/sucai.redocn.com\\/zhanban_8239015.html","litpic":"http:\\/\\/imgs.redocn.com\\/image\\/grey.gif"}'),
(110, 16, '2017年反腐倡廉党风廉政建设展板', 'http://sucai.redocn.com/zhanban_8238477.html', 1495539909, 0, '{"title":"2017\\u5e74\\u53cd\\u8150\\u5021\\u5ec9\\u515a\\u98ce\\u5ec9\\u653f\\u5efa\\u8bbe\\u5c55\\u677f","bianhao":"\\u7d20\\u6750\\u7f16\\u53f7 \\uff1a 8238477","geshi":"PSD(Photoshop CS5\\u53ca\\u4ee5\\u4e0a\\u7248\\u672c)","tiji":"\\u7d20\\u6750\\u5927\\u5c0f \\uff1a  59.37 MB","url":"http:\\/\\/sucai.redocn.com\\/zhanban_8238477.html","litpic":"http:\\/\\/imgs.redocn.com\\/image\\/grey.gif"}'),
(111, 16, '全国安全生产月宣传展板下载', 'http://sucai.redocn.com/zhanban_8238423.html', 1495539909, 0, '{"title":"\\u5168\\u56fd\\u5b89\\u5168\\u751f\\u4ea7\\u6708\\u5ba3\\u4f20\\u5c55\\u677f\\u4e0b\\u8f7d","bianhao":"\\u7d20\\u6750\\u7f16\\u53f7 \\uff1a 8238423","geshi":"PSD(Photoshop CS5\\u53ca\\u4ee5\\u4e0a\\u7248\\u672c)","tiji":"\\u7d20\\u6750\\u5927\\u5c0f \\uff1a  38.17 MB","url":"http:\\/\\/sucai.redocn.com\\/zhanban_8238423.html","litpic":"http:\\/\\/imgs.redocn.com\\/image\\/grey.gif"}'),
(112, 16, '建筑工地2017安全生产月宣传栏', 'http://sucai.redocn.com/zhanban_8238421.html', 1495539909, 0, '{"title":"\\u5efa\\u7b51\\u5de5\\u57302017\\u5b89\\u5168\\u751f\\u4ea7\\u6708\\u5ba3\\u4f20\\u680f","bianhao":"\\u7d20\\u6750\\u7f16\\u53f7 \\uff1a 8238421","geshi":"PSD(Photoshop CS5\\u53ca\\u4ee5\\u4e0a\\u7248\\u672c)","tiji":"\\u7d20\\u6750\\u5927\\u5c0f \\uff1a  41.68 MB","url":"http:\\/\\/sucai.redocn.com\\/zhanban_8238421.html","litpic":"http:\\/\\/imgs.redocn.com\\/image\\/grey.gif"}'),
(113, 16, '全面落实企业安全生产主体责任展板', 'http://sucai.redocn.com/zhanban_8234183.html', 1495539909, 0, '{"title":"\\u5168\\u9762\\u843d\\u5b9e\\u4f01\\u4e1a\\u5b89\\u5168\\u751f\\u4ea7\\u4e3b\\u4f53\\u8d23\\u4efb\\u5c55\\u677f","bianhao":"\\u7d20\\u6750\\u7f16\\u53f7 \\uff1a 8234183","geshi":"PSD(Photoshop CS5\\u53ca\\u4ee5\\u4e0a\\u7248\\u672c)","tiji":"\\u7d20\\u6750\\u5927\\u5c0f \\uff1a  112.69 MB","url":"http:\\/\\/sucai.redocn.com\\/zhanban_8234183.html","litpic":"http:\\/\\/imgs.redocn.com\\/image\\/grey.gif"}'),
(114, 16, '蓝色2017安全生产月展板', 'http://sucai.redocn.com/zhanban_8239401.html', 1495539909, 0, '{"title":"\\u84dd\\u82722017\\u5b89\\u5168\\u751f\\u4ea7\\u6708\\u5c55\\u677f","bianhao":"\\u7d20\\u6750\\u7f16\\u53f7 \\uff1a 8239401","geshi":"PSD(Photoshop 7.0\\u53ca\\u4ee5\\u4e0a\\u7248\\u672c)","tiji":"\\u7d20\\u6750\\u5927\\u5c0f \\uff1a  15.27 MB","url":"http:\\/\\/sucai.redocn.com\\/zhanban_8239401.html","litpic":"http:\\/\\/imgs.redocn.com\\/image\\/grey.gif"}'),
(115, 16, '建筑工地2017安全生产月宣传标语展板', 'http://sucai.redocn.com/zhanban_8237731.html', 1495539909, 0, '{"title":"\\u5efa\\u7b51\\u5de5\\u57302017\\u5b89\\u5168\\u751f\\u4ea7\\u6708\\u5ba3\\u4f20\\u6807\\u8bed\\u5c55\\u677f","bianhao":"\\u7d20\\u6750\\u7f16\\u53f7 \\uff1a 8237731","geshi":"PSD(Photoshop 7.0\\u53ca\\u4ee5\\u4e0a\\u7248\\u672c)","tiji":"\\u7d20\\u6750\\u5927\\u5c0f \\uff1a  70.39 MB","url":"http:\\/\\/sucai.redocn.com\\/zhanban_8237731.html","litpic":"http:\\/\\/imgs.redocn.com\\/image\\/grey.gif"}'),
(116, 16, '安全生产月大型主题背景', 'http://sucai.redocn.com/zhanban_8246987.html', 1495625319, 0, '{"title":"\\u5b89\\u5168\\u751f\\u4ea7\\u6708\\u5927\\u578b\\u4e3b\\u9898\\u80cc\\u666f","bianhao":"\\u7d20\\u6750\\u7f16\\u53f7 \\uff1a 8246987","geshi":"PSD(Photoshop CS5\\u53ca\\u4ee5\\u4e0a\\u7248\\u672c)","tiji":"\\u7d20\\u6750\\u5927\\u5c0f \\uff1a  19.12 MB","url":"http:\\/\\/sucai.redocn.com\\/zhanban_8246987.html","litpic":"http:\\/\\/img.redocn.com\\/sheji\\/20170524\\/anquanshengchanyuedaxingzhutibeijing_8246987_small.jpg"}'),
(117, 16, '2017安全生产工作内容展板', 'http://sucai.redocn.com/zhanban_8246985.html', 1495625320, 0, '{"title":"2017\\u5b89\\u5168\\u751f\\u4ea7\\u5de5\\u4f5c\\u5185\\u5bb9\\u5c55\\u677f","bianhao":"\\u7d20\\u6750\\u7f16\\u53f7 \\uff1a 8246985","geshi":"PSD(Photoshop CS5\\u53ca\\u4ee5\\u4e0a\\u7248\\u672c)","tiji":"\\u7d20\\u6750\\u5927\\u5c0f \\uff1a  31.23 MB","url":"http:\\/\\/sucai.redocn.com\\/zhanban_8246985.html","litpic":"http:\\/\\/img.redocn.com\\/sheji\\/20170524\\/2017anquanshengchangongzuoneirongzhanban_8246985_small.jpg"}'),
(118, 16, '社区宣传日常安全防范展板', 'http://sucai.redocn.com/zhanban_8246981.html', 1495625320, 0, '{"title":"\\u793e\\u533a\\u5ba3\\u4f20\\u65e5\\u5e38\\u5b89\\u5168\\u9632\\u8303\\u5c55\\u677f","bianhao":"\\u7d20\\u6750\\u7f16\\u53f7 \\uff1a 8246981","geshi":"PSD(Photoshop CS5\\u53ca\\u4ee5\\u4e0a\\u7248\\u672c)","tiji":"\\u7d20\\u6750\\u5927\\u5c0f \\uff1a  54 MB","url":"http:\\/\\/sucai.redocn.com\\/zhanban_8246981.html","litpic":"http:\\/\\/img.redocn.com\\/sheji\\/20170524\\/shequxuanchuanrichanganquanfangfanzhanban_8246981_small.jpg"}'),
(119, 16, '社区安全防范宣传展板', 'http://sucai.redocn.com/zhanban_8246929.html', 1495625320, 0, '{"title":"\\u793e\\u533a\\u5b89\\u5168\\u9632\\u8303\\u5ba3\\u4f20\\u5c55\\u677f","bianhao":"\\u7d20\\u6750\\u7f16\\u53f7 \\uff1a 8246929","geshi":"PSD(Photoshop CS5\\u53ca\\u4ee5\\u4e0a\\u7248\\u672c)","tiji":"\\u7d20\\u6750\\u5927\\u5c0f \\uff1a  79.26 MB","url":"http:\\/\\/sucai.redocn.com\\/zhanban_8246929.html","litpic":"http:\\/\\/img.redocn.com\\/sheji\\/20170524\\/shequanquanfangfanxuanchuanzhanban_8246929_small.jpg"}'),
(120, 16, '贯彻落实安全生产活动展板', 'http://sucai.redocn.com/zhanban_8246915.html', 1495625320, 0, '{"title":"\\u8d2f\\u5f7b\\u843d\\u5b9e\\u5b89\\u5168\\u751f\\u4ea7\\u6d3b\\u52a8\\u5c55\\u677f","bianhao":"\\u7d20\\u6750\\u7f16\\u53f7 \\uff1a 8246915","geshi":"PSD(Photoshop CS5\\u53ca\\u4ee5\\u4e0a\\u7248\\u672c)","tiji":"\\u7d20\\u6750\\u5927\\u5c0f \\uff1a  53.18 MB","url":"http:\\/\\/sucai.redocn.com\\/zhanban_8246915.html","litpic":"http:\\/\\/img.redocn.com\\/sheji\\/20170524\\/guancheluoshianquanshengchanhuodongzhanban_8246915_small.jpg"}'),
(121, 16, '2017年安全月主题活动展板', 'http://sucai.redocn.com/zhanban_8246897.html', 1495625320, 0, '{"title":"2017\\u5e74\\u5b89\\u5168\\u6708\\u4e3b\\u9898\\u6d3b\\u52a8\\u5c55\\u677f","bianhao":"\\u7d20\\u6750\\u7f16\\u53f7 \\uff1a 8246897","geshi":"PSD(Photoshop CS5\\u53ca\\u4ee5\\u4e0a\\u7248\\u672c)","tiji":"\\u7d20\\u6750\\u5927\\u5c0f \\uff1a  68.25 MB","url":"http:\\/\\/sucai.redocn.com\\/zhanban_8246897.html","litpic":"http:\\/\\/img.redocn.com\\/sheji\\/20170524\\/2017niananquanyuezhutihuodongzhanban_8246897_small.jpg"}'),
(122, 16, '社区文化安全月主题内容展板', 'http://sucai.redocn.com/zhanban_8246825.html', 1495625320, 0, '{"title":"\\u793e\\u533a\\u6587\\u5316\\u5b89\\u5168\\u6708\\u4e3b\\u9898\\u5185\\u5bb9\\u5c55\\u677f","bianhao":"\\u7d20\\u6750\\u7f16\\u53f7 \\uff1a 8246825","geshi":"PSD(Photoshop CS5\\u53ca\\u4ee5\\u4e0a\\u7248\\u672c)","tiji":"\\u7d20\\u6750\\u5927\\u5c0f \\uff1a  40.21 MB","url":"http:\\/\\/sucai.redocn.com\\/zhanban_8246825.html","litpic":"http:\\/\\/img.redocn.com\\/sheji\\/20170524\\/shequwenhuaanquanyuezhutineirongzhanban_8246825_small.jpg"}'),
(123, 16, '全面落实企业安全生产展板', 'http://sucai.redocn.com/zhanban_8246819.html', 1495625320, 0, '{"title":"\\u5168\\u9762\\u843d\\u5b9e\\u4f01\\u4e1a\\u5b89\\u5168\\u751f\\u4ea7\\u5c55\\u677f","bianhao":"\\u7d20\\u6750\\u7f16\\u53f7 \\uff1a 8246819","geshi":"PSD(Photoshop CS5\\u53ca\\u4ee5\\u4e0a\\u7248\\u672c)","tiji":"\\u7d20\\u6750\\u5927\\u5c0f \\uff1a  16.44 MB","url":"http:\\/\\/sucai.redocn.com\\/zhanban_8246819.html","litpic":"http:\\/\\/img.redocn.com\\/sheji\\/20170524\\/quanmianluoshiqiyeanquanshengchanzhanban_8246819_small.jpg"}'),
(124, 16, '2017安全生产知识活动展板', 'http://sucai.redocn.com/zhanban_8246799.html', 1495625320, 0, '{"title":"2017\\u5b89\\u5168\\u751f\\u4ea7\\u77e5\\u8bc6\\u6d3b\\u52a8\\u5c55\\u677f","bianhao":"\\u7d20\\u6750\\u7f16\\u53f7 \\uff1a 8246799","geshi":"PSD(Photoshop CS5\\u53ca\\u4ee5\\u4e0a\\u7248\\u672c)","tiji":"\\u7d20\\u6750\\u5927\\u5c0f \\uff1a  50.05 MB","url":"http:\\/\\/sucai.redocn.com\\/zhanban_8246799.html","litpic":"http:\\/\\/img.redocn.com\\/sheji\\/20170524\\/2017anquanshengchanzhishihuodongzhanban_8246799_small.jpg"}'),
(125, 16, '红色工人剪影安全生产月展板', 'http://sucai.redocn.com/zhanban_8245765.html', 1495625320, 0, '{"title":"\\u7ea2\\u8272\\u5de5\\u4eba\\u526a\\u5f71\\u5b89\\u5168\\u751f\\u4ea7\\u6708\\u5c55\\u677f","bianhao":"\\u7d20\\u6750\\u7f16\\u53f7 \\uff1a 8245765","geshi":"PSD(Photoshop CC\\u53ca\\u4ee5\\u4e0a\\u7248\\u672c)","tiji":"\\u7d20\\u6750\\u5927\\u5c0f \\uff1a  441.43 MB","url":"http:\\/\\/sucai.redocn.com\\/zhanban_8245765.html","litpic":"http:\\/\\/img.redocn.com\\/sheji\\/20170524\\/hongsegongrenjianyinganquanshengchanyuezhanban_8245765_small.jpg"}'),
(126, 16, '七彩几何纹理工人剪影安全生产月展板', 'http://sucai.redocn.com/zhanban_8245763.html', 1495625320, 0, '{"title":"\\u4e03\\u5f69\\u51e0\\u4f55\\u7eb9\\u7406\\u5de5\\u4eba\\u526a\\u5f71\\u5b89\\u5168\\u751f\\u4ea7\\u6708\\u5c55\\u677f","bianhao":"\\u7d20\\u6750\\u7f16\\u53f7 \\uff1a 8245763","geshi":"PSD(Photoshop CC\\u53ca\\u4ee5\\u4e0a\\u7248\\u672c)","tiji":"\\u7d20\\u6750\\u5927\\u5c0f \\uff1a  267.32 MB","url":"http:\\/\\/sucai.redocn.com\\/zhanban_8245763.html","litpic":"http:\\/\\/img.redocn.com\\/sheji\\/20170524\\/qicaijihewenligongrenjianyinganquanshengchanyuezhanban_8245763_small.jpg"}'),
(127, 16, '2017安全生产月活动宣传栏下载', 'http://sucai.redocn.com/zhanban_8245737.html', 1495625320, 0, '{"title":"2017\\u5b89\\u5168\\u751f\\u4ea7\\u6708\\u6d3b\\u52a8\\u5ba3\\u4f20\\u680f\\u4e0b\\u8f7d","bianhao":"\\u7d20\\u6750\\u7f16\\u53f7 \\uff1a 8245737","geshi":"PSD(Photoshop CC\\u53ca\\u4ee5\\u4e0a\\u7248\\u672c)","tiji":"\\u7d20\\u6750\\u5927\\u5c0f \\uff1a  79.87 MB","url":"http:\\/\\/sucai.redocn.com\\/zhanban_8245737.html","litpic":"http:\\/\\/img.redocn.com\\/sheji\\/20170524\\/2017anquanshengchanyuehuodongxuanchuanlanxiazai_8245737_small.jpg"}'),
(128, 16, '大气2017年安全生产月宣传栏psd模版下载', 'http://sucai.redocn.com/zhanban_8245695.html', 1495625320, 0, '{"title":"\\u5927\\u6c142017\\u5e74\\u5b89\\u5168\\u751f\\u4ea7\\u6708\\u5ba3\\u4f20\\u680fpsd\\u6a21\\u7248\\u4e0b\\u8f7d","bianhao":"\\u7d20\\u6750\\u7f16\\u53f7 \\uff1a 8245695","geshi":"PSD(Photoshop CC\\u53ca\\u4ee5\\u4e0a\\u7248\\u672c)","tiji":"\\u7d20\\u6750\\u5927\\u5c0f \\uff1a  93.04 MB","url":"http:\\/\\/sucai.redocn.com\\/zhanban_8245695.html","litpic":"http:\\/\\/img.redocn.com\\/sheji\\/20170524\\/daqi2017niananquanshengchanyuexuanchuanlanpsdmobanxiazai_8245695_small.jpg"}'),
(129, 16, '2017年安全生产月宣传栏', 'http://sucai.redocn.com/zhanban_8245691.html', 1495625320, 0, '{"title":"2017\\u5e74\\u5b89\\u5168\\u751f\\u4ea7\\u6708\\u5ba3\\u4f20\\u680f","bianhao":"\\u7d20\\u6750\\u7f16\\u53f7 \\uff1a 8245691","geshi":"PSD(Photoshop CC\\u53ca\\u4ee5\\u4e0a\\u7248\\u672c)","tiji":"\\u7d20\\u6750\\u5927\\u5c0f \\uff1a  126.45 MB","url":"http:\\/\\/sucai.redocn.com\\/zhanban_8245691.html","litpic":"http:\\/\\/img.redocn.com\\/sheji\\/20170524\\/2017niananquanshengchanyuexuanchuanlan_8245691_small.jpg"}'),
(130, 16, '最新2017安全生产月展板', 'http://sucai.redocn.com/zhanban_8245667.html', 1495625320, 0, '{"title":"\\u6700\\u65b02017\\u5b89\\u5168\\u751f\\u4ea7\\u6708\\u5c55\\u677f","bianhao":"\\u7d20\\u6750\\u7f16\\u53f7 \\uff1a 8245667","geshi":"PSD(Photoshop CC\\u53ca\\u4ee5\\u4e0a\\u7248\\u672c)","tiji":"\\u7d20\\u6750\\u5927\\u5c0f \\uff1a  122.23 MB","url":"http:\\/\\/sucai.redocn.com\\/zhanban_8245667.html","litpic":"http:\\/\\/img.redocn.com\\/sheji\\/20170524\\/zuixin2017anquanshengchanyuezhanban_8245667_small.jpg"}'),
(131, 16, '2017年安全生产月宣传展板', 'http://sucai.redocn.com/zhanban_8245659.html', 1495625320, 0, '{"title":"2017\\u5e74\\u5b89\\u5168\\u751f\\u4ea7\\u6708\\u5ba3\\u4f20\\u5c55\\u677f","bianhao":"\\u7d20\\u6750\\u7f16\\u53f7 \\uff1a 8245659","geshi":"PSD(Photoshop CC\\u53ca\\u4ee5\\u4e0a\\u7248\\u672c)","tiji":"\\u7d20\\u6750\\u5927\\u5c0f \\uff1a  82.89 MB","url":"http:\\/\\/sucai.redocn.com\\/zhanban_8245659.html","litpic":"http:\\/\\/imgs.redocn.com\\/image\\/grey.gif"}'),
(132, 16, '2017年安全生产月主题宣传展板', 'http://sucai.redocn.com/zhanban_8245651.html', 1495625320, 0, '{"title":"2017\\u5e74\\u5b89\\u5168\\u751f\\u4ea7\\u6708\\u4e3b\\u9898\\u5ba3\\u4f20\\u5c55\\u677f","bianhao":"\\u7d20\\u6750\\u7f16\\u53f7 \\uff1a 8245651","geshi":"PSD(Photoshop CC\\u53ca\\u4ee5\\u4e0a\\u7248\\u672c)","tiji":"\\u7d20\\u6750\\u5927\\u5c0f \\uff1a  125 MB","url":"http:\\/\\/sucai.redocn.com\\/zhanban_8245651.html","litpic":"http:\\/\\/imgs.redocn.com\\/image\\/grey.gif"}'),
(133, 16, '绿色强化安全生产展板宣传栏设计', 'http://sucai.redocn.com/zhanban_8258721.html', 1495625320, 0, '{"title":"\\u7eff\\u8272\\u5f3a\\u5316\\u5b89\\u5168\\u751f\\u4ea7\\u5c55\\u677f\\u5ba3\\u4f20\\u680f\\u8bbe\\u8ba1","bianhao":"\\u7d20\\u6750\\u7f16\\u53f7 \\uff1a 8258721","geshi":"PSD(Photoshop CS6\\u53ca\\u4ee5\\u4e0a\\u7248\\u672c)","tiji":"\\u7d20\\u6750\\u5927\\u5c0f \\uff1a  99.97 MB","url":"http:\\/\\/sucai.redocn.com\\/zhanban_8258721.html","litpic":"http:\\/\\/imgs.redocn.com\\/image\\/grey.gif"}'),
(134, 16, '强化消防安全公益文化宣传栏', 'http://sucai.redocn.com/zhanban_8258545.html', 1495625320, 0, '{"title":"\\u5f3a\\u5316\\u6d88\\u9632\\u5b89\\u5168\\u516c\\u76ca\\u6587\\u5316\\u5ba3\\u4f20\\u680f","bianhao":"\\u7d20\\u6750\\u7f16\\u53f7 \\uff1a 8258545","geshi":"PSD(Photoshop CS6\\u53ca\\u4ee5\\u4e0a\\u7248\\u672c)","tiji":"\\u7d20\\u6750\\u5927\\u5c0f \\uff1a  100.71 MB","url":"http:\\/\\/sucai.redocn.com\\/zhanban_8258545.html","litpic":"http:\\/\\/imgs.redocn.com\\/image\\/grey.gif"}'),
(135, 16, '简洁大气安全生产月安全生产展板', 'http://sucai.redocn.com/zhanban_8257441.html', 1495625320, 0, '{"title":"\\u7b80\\u6d01\\u5927\\u6c14\\u5b89\\u5168\\u751f\\u4ea7\\u6708\\u5b89\\u5168\\u751f\\u4ea7\\u5c55\\u677f","bianhao":"\\u7d20\\u6750\\u7f16\\u53f7 \\uff1a 8257441","geshi":"PSD(Photoshop CS6\\u53ca\\u4ee5\\u4e0a\\u7248\\u672c)","tiji":"\\u7d20\\u6750\\u5927\\u5c0f \\uff1a  77.15 MB","url":"http:\\/\\/sucai.redocn.com\\/zhanban_8257441.html","litpic":"http:\\/\\/imgs.redocn.com\\/image\\/grey.gif"}'),
(136, 16, '强化红线意识2017安全生产月展板设计', 'http://sucai.redocn.com/zhanban_8257439.html', 1495625320, 0, '{"title":"\\u5f3a\\u5316\\u7ea2\\u7ebf\\u610f\\u8bc62017\\u5b89\\u5168\\u751f\\u4ea7\\u6708\\u5c55\\u677f\\u8bbe\\u8ba1","bianhao":"\\u7d20\\u6750\\u7f16\\u53f7 \\uff1a 8257439","geshi":"PSD(Photoshop CS6\\u53ca\\u4ee5\\u4e0a\\u7248\\u672c)","tiji":"\\u7d20\\u6750\\u5927\\u5c0f \\uff1a  78.17 MB","url":"http:\\/\\/sucai.redocn.com\\/zhanban_8257439.html","litpic":"http:\\/\\/imgs.redocn.com\\/image\\/grey.gif"}'),
(137, 16, '2017安全生产月宣传展板设计', 'http://sucai.redocn.com/zhanban_8257437.html', 1495625320, 0, '{"title":"2017\\u5b89\\u5168\\u751f\\u4ea7\\u6708\\u5ba3\\u4f20\\u5c55\\u677f\\u8bbe\\u8ba1","bianhao":"\\u7d20\\u6750\\u7f16\\u53f7 \\uff1a 8257437","geshi":"PSD(Photoshop CS6\\u53ca\\u4ee5\\u4e0a\\u7248\\u672c)","tiji":"\\u7d20\\u6750\\u5927\\u5c0f \\uff1a  76.77 MB","url":"http:\\/\\/sucai.redocn.com\\/zhanban_8257437.html","litpic":"http:\\/\\/imgs.redocn.com\\/image\\/grey.gif"}'),
(138, 16, '全面落实企业安全生产主体责任宣传展板设计', 'http://sucai.redocn.com/zhanban_8257435.html', 1495625320, 0, '{"title":"\\u5168\\u9762\\u843d\\u5b9e\\u4f01\\u4e1a\\u5b89\\u5168\\u751f\\u4ea7\\u4e3b\\u4f53\\u8d23\\u4efb\\u5ba3\\u4f20\\u5c55\\u677f\\u8bbe\\u8ba1","bianhao":"\\u7d20\\u6750\\u7f16\\u53f7 \\uff1a 8257435","geshi":"PSD(Photoshop CS6\\u53ca\\u4ee5\\u4e0a\\u7248\\u672c)","tiji":"\\u7d20\\u6750\\u5927\\u5c0f \\uff1a  65.33 MB","url":"http:\\/\\/sucai.redocn.com\\/zhanban_8257435.html","litpic":"http:\\/\\/imgs.redocn.com\\/image\\/grey.gif"}'),
(139, 16, '安全生产宣传展板设计', 'http://sucai.redocn.com/zhanban_8257397.html', 1495625320, 0, '{"title":"\\u5b89\\u5168\\u751f\\u4ea7\\u5ba3\\u4f20\\u5c55\\u677f\\u8bbe\\u8ba1","bianhao":"\\u7d20\\u6750\\u7f16\\u53f7 \\uff1a 8257397","geshi":"PSD(Photoshop CC\\u53ca\\u4ee5\\u4e0a\\u7248\\u672c)","tiji":"\\u7d20\\u6750\\u5927\\u5c0f \\uff1a  150.98 MB","url":"http:\\/\\/sucai.redocn.com\\/zhanban_8257397.html","litpic":"http:\\/\\/imgs.redocn.com\\/image\\/grey.gif"}'),
(140, 16, '消防安全展板设计之消防安全重于泰山', 'http://sucai.redocn.com/zhanban_8257391.html', 1495625320, 0, '{"title":"\\u6d88\\u9632\\u5b89\\u5168\\u5c55\\u677f\\u8bbe\\u8ba1\\u4e4b\\u6d88\\u9632\\u5b89\\u5168\\u91cd\\u4e8e\\u6cf0\\u5c71","bianhao":"\\u7d20\\u6750\\u7f16\\u53f7 \\uff1a 8257391","geshi":"PSD(Photoshop CS5\\u53ca\\u4ee5\\u4e0a\\u7248\\u672c)","tiji":"\\u7d20\\u6750\\u5927\\u5c0f \\uff1a  47.2 MB","url":"http:\\/\\/sucai.redocn.com\\/zhanban_8257391.html","litpic":"http:\\/\\/imgs.redocn.com\\/image\\/grey.gif"}'),
(141, 16, '消防安全展板设计之消除火灾共建平安', 'http://sucai.redocn.com/zhanban_8257377.html', 1495625320, 0, '{"title":"\\u6d88\\u9632\\u5b89\\u5168\\u5c55\\u677f\\u8bbe\\u8ba1\\u4e4b\\u6d88\\u9664\\u706b\\u707e\\u5171\\u5efa\\u5e73\\u5b89","bianhao":"\\u7d20\\u6750\\u7f16\\u53f7 \\uff1a 8257377","geshi":"PSD(Photoshop CS5\\u53ca\\u4ee5\\u4e0a\\u7248\\u672c)","tiji":"\\u7d20\\u6750\\u5927\\u5c0f \\uff1a  47.21 MB","url":"http:\\/\\/sucai.redocn.com\\/zhanban_8257377.html","litpic":"http:\\/\\/imgs.redocn.com\\/image\\/grey.gif"}'),
(142, 16, '消防安全展板设计之火灾无情防火先行', 'http://sucai.redocn.com/zhanban_8257373.html', 1495625320, 0, '{"title":"\\u6d88\\u9632\\u5b89\\u5168\\u5c55\\u677f\\u8bbe\\u8ba1\\u4e4b\\u706b\\u707e\\u65e0\\u60c5\\u9632\\u706b\\u5148\\u884c","bianhao":"\\u7d20\\u6750\\u7f16\\u53f7 \\uff1a 8257373","geshi":"PSD(Photoshop CS5\\u53ca\\u4ee5\\u4e0a\\u7248\\u672c)","tiji":"\\u7d20\\u6750\\u5927\\u5c0f \\uff1a  47.16 MB","url":"http:\\/\\/sucai.redocn.com\\/zhanban_8257373.html","litpic":"http:\\/\\/imgs.redocn.com\\/image\\/grey.gif"}'),
(143, 16, '消防安全展板设计之珍爱生命关注消防', 'http://sucai.redocn.com/zhanban_8257365.html', 1495625320, 0, '{"title":"\\u6d88\\u9632\\u5b89\\u5168\\u5c55\\u677f\\u8bbe\\u8ba1\\u4e4b\\u73cd\\u7231\\u751f\\u547d\\u5173\\u6ce8\\u6d88\\u9632","bianhao":"\\u7d20\\u6750\\u7f16\\u53f7 \\uff1a 8257365","geshi":"PSD(Photoshop CS5\\u53ca\\u4ee5\\u4e0a\\u7248\\u672c)","tiji":"\\u7d20\\u6750\\u5927\\u5c0f \\uff1a  55.95 MB","url":"http:\\/\\/sucai.redocn.com\\/zhanban_8257365.html","litpic":"http:\\/\\/imgs.redocn.com\\/image\\/grey.gif"}'),
(144, 16, '消防安全系列展板设计', 'http://sucai.redocn.com/zhanban_8257363.html', 1495625320, 0, '{"title":"\\u6d88\\u9632\\u5b89\\u5168\\u7cfb\\u5217\\u5c55\\u677f\\u8bbe\\u8ba1","bianhao":"\\u7d20\\u6750\\u7f16\\u53f7 \\uff1a 8257363","geshi":"PSD(Photoshop CS5\\u53ca\\u4ee5\\u4e0a\\u7248\\u672c)","tiji":"\\u7d20\\u6750\\u5927\\u5c0f \\uff1a  197.52 MB","url":"http:\\/\\/sucai.redocn.com\\/zhanban_8257363.html","litpic":"http:\\/\\/imgs.redocn.com\\/image\\/grey.gif"}'),
(145, 16, '大气创意消防宣传日社区口号展板', 'http://sucai.redocn.com/zhanban_8242941.html', 1495625320, 0, '{"title":"\\u5927\\u6c14\\u521b\\u610f\\u6d88\\u9632\\u5ba3\\u4f20\\u65e5\\u793e\\u533a\\u53e3\\u53f7\\u5c55\\u677f","bianhao":"\\u7d20\\u6750\\u7f16\\u53f7 \\uff1a 8242941","geshi":"PSD(Photoshop CS6\\u53ca\\u4ee5\\u4e0a\\u7248\\u672c)","tiji":"\\u7d20\\u6750\\u5927\\u5c0f \\uff1a  474.38 MB","url":"http:\\/\\/sucai.redocn.com\\/zhanban_8242941.html","litpic":"http:\\/\\/imgs.redocn.com\\/image\\/grey.gif"}'),
(146, 16, '整套宣传口号挂画设计展板', 'http://sucai.redocn.com/zhanban_8242935.html', 1495625320, 0, '{"title":"\\u6574\\u5957\\u5ba3\\u4f20\\u53e3\\u53f7\\u6302\\u753b\\u8bbe\\u8ba1\\u5c55\\u677f","bianhao":"\\u7d20\\u6750\\u7f16\\u53f7 \\uff1a 8242935","geshi":"PSD(Photoshop CS6\\u53ca\\u4ee5\\u4e0a\\u7248\\u672c)","tiji":"\\u7d20\\u6750\\u5927\\u5c0f \\uff1a  391.92 MB","url":"http:\\/\\/sucai.redocn.com\\/zhanban_8242935.html","litpic":"http:\\/\\/imgs.redocn.com\\/image\\/grey.gif"}'),
(147, 16, '整套消防宣传展板设计', 'http://sucai.redocn.com/zhanban_8242931.html', 1495625320, 0, '{"title":"\\u6574\\u5957\\u6d88\\u9632\\u5ba3\\u4f20\\u5c55\\u677f\\u8bbe\\u8ba1","bianhao":"\\u7d20\\u6750\\u7f16\\u53f7 \\uff1a 8242931","geshi":"PSD(Photoshop CS6\\u53ca\\u4ee5\\u4e0a\\u7248\\u672c)","tiji":"\\u7d20\\u6750\\u5927\\u5c0f \\uff1a  262.32 MB","url":"http:\\/\\/sucai.redocn.com\\/zhanban_8242931.html","litpic":"http:\\/\\/imgs.redocn.com\\/image\\/grey.gif"}'),
(148, 16, '大气蓝色消防宣传日展板', 'http://sucai.redocn.com/zhanban_8242927.html', 1495625320, 0, '{"title":"\\u5927\\u6c14\\u84dd\\u8272\\u6d88\\u9632\\u5ba3\\u4f20\\u65e5\\u5c55\\u677f","bianhao":"\\u7d20\\u6750\\u7f16\\u53f7 \\uff1a 8242927","geshi":"PSD(Photoshop CS6\\u53ca\\u4ee5\\u4e0a\\u7248\\u672c)","tiji":"\\u7d20\\u6750\\u5927\\u5c0f \\uff1a  276.25 MB","url":"http:\\/\\/sucai.redocn.com\\/zhanban_8242927.html","litpic":"http:\\/\\/imgs.redocn.com\\/image\\/grey.gif"}'),
(149, 16, '消防标语宣传展板设计', 'http://sucai.redocn.com/zhanban_8242925.html', 1495625320, 0, '{"title":"\\u6d88\\u9632\\u6807\\u8bed\\u5ba3\\u4f20\\u5c55\\u677f\\u8bbe\\u8ba1","bianhao":"\\u7d20\\u6750\\u7f16\\u53f7 \\uff1a 8242925","geshi":"PSD(Photoshop CS6\\u53ca\\u4ee5\\u4e0a\\u7248\\u672c)","tiji":"\\u7d20\\u6750\\u5927\\u5c0f \\uff1a  229.28 MB","url":"http:\\/\\/sucai.redocn.com\\/zhanban_8242925.html","litpic":"http:\\/\\/imgs.redocn.com\\/image\\/grey.gif"}'),
(150, 16, '创意消防街道办宣传展板', 'http://sucai.redocn.com/zhanban_8242923.html', 1495625320, 0, '{"title":"\\u521b\\u610f\\u6d88\\u9632\\u8857\\u9053\\u529e\\u5ba3\\u4f20\\u5c55\\u677f","bianhao":"\\u7d20\\u6750\\u7f16\\u53f7 \\uff1a 8242923","geshi":"PSD(Photoshop CS6\\u53ca\\u4ee5\\u4e0a\\u7248\\u672c)","tiji":"\\u7d20\\u6750\\u5927\\u5c0f \\uff1a  230.54 MB","url":"http:\\/\\/sucai.redocn.com\\/zhanban_8242923.html","litpic":"http:\\/\\/imgs.redocn.com\\/image\\/grey.gif"}'),
(151, 16, '社区宣传消防火灾展板设计', 'http://sucai.redocn.com/zhanban_8242919.html', 1495625320, 0, '{"title":"\\u793e\\u533a\\u5ba3\\u4f20\\u6d88\\u9632\\u706b\\u707e\\u5c55\\u677f\\u8bbe\\u8ba1","bianhao":"\\u7d20\\u6750\\u7f16\\u53f7 \\uff1a 8242919","geshi":"PSD(Photoshop CS6\\u53ca\\u4ee5\\u4e0a\\u7248\\u672c)","tiji":"\\u7d20\\u6750\\u5927\\u5c0f \\uff1a  209.18 MB","url":"http:\\/\\/sucai.redocn.com\\/zhanban_8242919.html","litpic":"http:\\/\\/imgs.redocn.com\\/image\\/grey.gif"}'),
(152, 16, '大气创意卡通消防挂画设计展板', 'http://sucai.redocn.com/zhanban_8242915.html', 1495625320, 0, '{"title":"\\u5927\\u6c14\\u521b\\u610f\\u5361\\u901a\\u6d88\\u9632\\u6302\\u753b\\u8bbe\\u8ba1\\u5c55\\u677f","bianhao":"\\u7d20\\u6750\\u7f16\\u53f7 \\uff1a 8242915","geshi":"PSD(Photoshop CS6\\u53ca\\u4ee5\\u4e0a\\u7248\\u672c)","tiji":"\\u7d20\\u6750\\u5927\\u5c0f \\uff1a  58.95 MB","url":"http:\\/\\/sucai.redocn.com\\/zhanban_8242915.html","litpic":"http:\\/\\/imgs.redocn.com\\/image\\/grey.gif"}'),
(153, 16, '创意消防宣传卡通漫画展板', 'http://sucai.redocn.com/zhanban_8242911.html', 1495625320, 0, '{"title":"\\u521b\\u610f\\u6d88\\u9632\\u5ba3\\u4f20\\u5361\\u901a\\u6f2b\\u753b\\u5c55\\u677f","bianhao":"\\u7d20\\u6750\\u7f16\\u53f7 \\uff1a 8242911","geshi":"PSD(Photoshop CS6\\u53ca\\u4ee5\\u4e0a\\u7248\\u672c)","tiji":"\\u7d20\\u6750\\u5927\\u5c0f \\uff1a  124.14 MB","url":"http:\\/\\/sucai.redocn.com\\/zhanban_8242911.html","litpic":"http:\\/\\/imgs.redocn.com\\/image\\/grey.gif"}'),
(154, 16, '绿色大气施工安全发展展板设计', 'http://sucai.redocn.com/zhanban_8257263.html', 1495625320, 0, '{"title":"\\u7eff\\u8272\\u5927\\u6c14\\u65bd\\u5de5\\u5b89\\u5168\\u53d1\\u5c55\\u5c55\\u677f\\u8bbe\\u8ba1","bianhao":"\\u7d20\\u6750\\u7f16\\u53f7 \\uff1a 8257263","geshi":"PSD(Photoshop CS6\\u53ca\\u4ee5\\u4e0a\\u7248\\u672c)","tiji":"\\u7d20\\u6750\\u5927\\u5c0f \\uff1a  86.44 MB","url":"http:\\/\\/sucai.redocn.com\\/zhanban_8257263.html","litpic":"http:\\/\\/img.redocn.com\\/sheji\\/20170524\\/lvsedaqishigonganquanfazhanzhanbansheji_8257263_small.jpg"}'),
(155, 16, '大气2017年安全生产月主题展板宣传栏', 'http://sucai.redocn.com/zhanban_8257097.html', 1495625320, 0, '{"title":"\\u5927\\u6c142017\\u5e74\\u5b89\\u5168\\u751f\\u4ea7\\u6708\\u4e3b\\u9898\\u5c55\\u677f\\u5ba3\\u4f20\\u680f","bianhao":"\\u7d20\\u6750\\u7f16\\u53f7 \\uff1a 8257097","geshi":"PSD(Photoshop CS6\\u53ca\\u4ee5\\u4e0a\\u7248\\u672c)","tiji":"\\u7d20\\u6750\\u5927\\u5c0f \\uff1a  94.05 MB","url":"http:\\/\\/sucai.redocn.com\\/zhanban_8257097.html","litpic":"http:\\/\\/img.redocn.com\\/sheji\\/20170524\\/daqi2017niananquanshengchanyuezhutizhanbanxuanchuanlan_8257097_small.jpg"}'),
(156, 16, '时尚安全生产主题建筑施工公益宣传栏', 'http://sucai.redocn.com/zhanban_8257047.html', 1495625320, 0, '{"title":"\\u65f6\\u5c1a\\u5b89\\u5168\\u751f\\u4ea7\\u4e3b\\u9898\\u5efa\\u7b51\\u65bd\\u5de5\\u516c\\u76ca\\u5ba3\\u4f20\\u680f","bianhao":"\\u7d20\\u6750\\u7f16\\u53f7 \\uff1a 8257047","geshi":"PSD(Photoshop CS6\\u53ca\\u4ee5\\u4e0a\\u7248\\u672c)","tiji":"\\u7d20\\u6750\\u5927\\u5c0f \\uff1a  90.26 MB","url":"http:\\/\\/sucai.redocn.com\\/zhanban_8257047.html","litpic":"http:\\/\\/img.redocn.com\\/sheji\\/20170524\\/shishanganquanshengchanzhutijianzhushigonggongyixuanchuanlan_8257047_small.jpg"}'),
(157, 16, '安全生产八安八险宣传展板', 'http://sucai.redocn.com/zhanban_8256407.html', 1495625320, 0, '{"title":"\\u5b89\\u5168\\u751f\\u4ea7\\u516b\\u5b89\\u516b\\u9669\\u5ba3\\u4f20\\u5c55\\u677f","bianhao":"\\u7d20\\u6750\\u7f16\\u53f7 \\uff1a 8256407","geshi":"PSD(Photoshop CC\\u53ca\\u4ee5\\u4e0a\\u7248\\u672c)","tiji":"\\u7d20\\u6750\\u5927\\u5c0f \\uff1a  96.72 MB","url":"http:\\/\\/sucai.redocn.com\\/zhanban_8256407.html","litpic":"http:\\/\\/img.redocn.com\\/sheji\\/20170524\\/anquanshengchanbaanbaxianxuanchuanzhanban_8256407_small.jpg"}'),
(158, 16, '消防安全展板设计', 'http://sucai.redocn.com/zhanban_8256405.html', 1495625320, 0, '{"title":"\\u6d88\\u9632\\u5b89\\u5168\\u5c55\\u677f\\u8bbe\\u8ba1","bianhao":"\\u7d20\\u6750\\u7f16\\u53f7 \\uff1a 8256405","geshi":"PSD(Photoshop CS6\\u53ca\\u4ee5\\u4e0a\\u7248\\u672c)","tiji":"\\u7d20\\u6750\\u5927\\u5c0f \\uff1a  63.83 MB","url":"http:\\/\\/sucai.redocn.com\\/zhanban_8256405.html","litpic":"http:\\/\\/img.redocn.com\\/sheji\\/20170524\\/xiaofanganquanzhanbansheji_8256405_small.jpg"}'),
(159, 16, '2017年安全生产月展板', 'http://sucai.redocn.com/zhanban_8255771.html', 1495625320, 0, '{"title":"2017\\u5e74\\u5b89\\u5168\\u751f\\u4ea7\\u6708\\u5c55\\u677f","bianhao":"\\u7d20\\u6750\\u7f16\\u53f7 \\uff1a 8255771","geshi":"PSD(Photoshop CC\\u53ca\\u4ee5\\u4e0a\\u7248\\u672c)","tiji":"\\u7d20\\u6750\\u5927\\u5c0f \\uff1a  236.2 MB","url":"http:\\/\\/sucai.redocn.com\\/zhanban_8255771.html","litpic":"http:\\/\\/img.redocn.com\\/sheji\\/20170524\\/2017niananquanshengchanyuezhanban_8255771_small.jpg"}'),
(160, 16, '消防安全主题公益文化宣传栏', 'http://sucai.redocn.com/zhanban_8255721.html', 1495625320, 0, '{"title":"\\u6d88\\u9632\\u5b89\\u5168\\u4e3b\\u9898\\u516c\\u76ca\\u6587\\u5316\\u5ba3\\u4f20\\u680f","bianhao":"\\u7d20\\u6750\\u7f16\\u53f7 \\uff1a 8255721","geshi":"PSD(Photoshop CS6\\u53ca\\u4ee5\\u4e0a\\u7248\\u672c)","tiji":"\\u7d20\\u6750\\u5927\\u5c0f \\uff1a  90.41 MB","url":"http:\\/\\/sucai.redocn.com\\/zhanban_8255721.html","litpic":"http:\\/\\/img.redocn.com\\/sheji\\/20170524\\/xiaofanganquanzhutigongyiwenhuaxuanchuanlan_8255721_small.jpg"}'),
(161, 16, '企业通用2017安全生产月主题展板', 'http://sucai.redocn.com/zhanban_8254763.html', 1495625320, 0, '{"title":"\\u4f01\\u4e1a\\u901a\\u75282017\\u5b89\\u5168\\u751f\\u4ea7\\u6708\\u4e3b\\u9898\\u5c55\\u677f","bianhao":"\\u7d20\\u6750\\u7f16\\u53f7 \\uff1a 8254763","geshi":"PSD(Photoshop CS5\\u53ca\\u4ee5\\u4e0a\\u7248\\u672c)","tiji":"\\u7d20\\u6750\\u5927\\u5c0f \\uff1a  31.3 MB","url":"http:\\/\\/sucai.redocn.com\\/zhanban_8254763.html","litpic":"http:\\/\\/img.redocn.com\\/sheji\\/20170524\\/qiyetongyong2017anquanshengchanyuezhutizhanban_8254763_small.jpg"}'),
(162, 16, '蓝色大气2017安全生产月展板', 'http://sucai.redocn.com/zhanban_8254759.html', 1495625320, 0, '{"title":"\\u84dd\\u8272\\u5927\\u6c142017\\u5b89\\u5168\\u751f\\u4ea7\\u6708\\u5c55\\u677f","bianhao":"\\u7d20\\u6750\\u7f16\\u53f7 \\uff1a 8254759","geshi":"PSD(Photoshop CS5\\u53ca\\u4ee5\\u4e0a\\u7248\\u672c)","tiji":"\\u7d20\\u6750\\u5927\\u5c0f \\uff1a  47.74 MB","url":"http:\\/\\/sucai.redocn.com\\/zhanban_8254759.html","litpic":"http:\\/\\/img.redocn.com\\/sheji\\/20170524\\/lansedaqi2017anquanshengchanyuezhanban_8254759_small.jpg"}'),
(163, 16, '全面落实企业安全生产主体责任', 'http://sucai.redocn.com/zhanban_8254757.html', 1495625320, 0, '{"title":"\\u5168\\u9762\\u843d\\u5b9e\\u4f01\\u4e1a\\u5b89\\u5168\\u751f\\u4ea7\\u4e3b\\u4f53\\u8d23\\u4efb","bianhao":"\\u7d20\\u6750\\u7f16\\u53f7 \\uff1a 8254757","geshi":"PSD(Photoshop CS5\\u53ca\\u4ee5\\u4e0a\\u7248\\u672c)","tiji":"\\u7d20\\u6750\\u5927\\u5c0f \\uff1a  21.94 MB","url":"http:\\/\\/sucai.redocn.com\\/zhanban_8254757.html","litpic":"http:\\/\\/img.redocn.com\\/sheji\\/20170524\\/quanmianluoshiqiyeanquanshengchanzhutizeren_8254757_small.jpg"}');

-- --------------------------------------------------------

--
-- 表的结构 `tp_img`
--

CREATE TABLE IF NOT EXISTS `tp_img` (
  `aid` int(10) unsigned NOT NULL,
  `img` varchar(150) NOT NULL DEFAULT ''
) ENGINE=MyISAM DEFAULT CHARSET=utf8;

-- --------------------------------------------------------

--
-- 表的结构 `tp_model`
--

CREATE TABLE IF NOT EXISTS `tp_model` (
  `id` mediumint(8) unsigned NOT NULL AUTO_INCREMENT COMMENT '模型id',
  `model_name` varchar(50) NOT NULL COMMENT '模型名称',
  `table_name` varchar(50) NOT NULL COMMENT '模型对应表明',
  `status` tinyint(1) NOT NULL DEFAULT '1' COMMENT '0：禁用 1：开启  ',
  PRIMARY KEY (`id`)
) ENGINE=MyISAM  DEFAULT CHARSET=utf8 AUTO_INCREMENT=29 ;

--
-- 转存表中的数据 `tp_model`
--

INSERT INTO `tp_model` (`id`, `model_name`, `table_name`, `status`) VALUES
(25, '图片集模型', 'img', 1),
(26, '下载模型', 'dow', 1),
(24, '电影模型', 'film', 1),
(27, '素材下载', 'sucai', 1),
(28, '普通文章', 'article', 1);

-- --------------------------------------------------------

--
-- 表的结构 `tp_model_fields`
--

CREATE TABLE IF NOT EXISTS `tp_model_fields` (
  `id` mediumint(9) NOT NULL AUTO_INCREMENT COMMENT '字段id',
  `field_cname` varchar(60) NOT NULL COMMENT '字段中文名称',
  `field_ename` varchar(60) NOT NULL COMMENT '字段英文名称',
  `field_type` tinyint(4) NOT NULL DEFAULT '1' COMMENT '字段类型：1：单行文本 2：单选安按钮 3：复选框 4：下拉菜单 5：文本域 6：附件 7：浮点 8：整型 9：长文本类型 longtext ',
  `field_values` varchar(255) NOT NULL COMMENT '可选值',
  `model_id` mediumint(9) NOT NULL COMMENT '所属模型',
  PRIMARY KEY (`id`),
  KEY `model_id` (`model_id`)
) ENGINE=MyISAM  DEFAULT CHARSET=utf8 AUTO_INCREMENT=28 ;

--
-- 转存表中的数据 `tp_model_fields`
--

INSERT INTO `tp_model_fields` (`id`, `field_cname`, `field_ename`, `field_type`, `field_values`, `model_id`) VALUES
(7, '下载通道', 'dowrode', 3, ' 迅雷下载,qq下载,电驴下载 ', 26),
(6, '导演', 'daoyan', 1, '    ', 24),
(8, '图片', 'img', 1, '', 25),
(9, '电影别名', 'othername', 1, '', 24),
(10, '电影描述', 'descfilm', 5, '', 24),
(11, '电影类型', 'filmtype', 3, '喜剧,动作,剧情,武侠    ', 24),
(12, '年代', 'date', 2, '2000,2001,2002,2016,2017', 24),
(13, '详情', 'xiangqing', 9, '', 24),
(14, '说明', 'shuoming', 9, '', 24),
(15, '测试', 'ceshi', 9, '', 24),
(16, '下载地址', 'downurl', 9, '', 26),
(18, '电影附图', 'futu', 6, '', 24),
(19, '地区', 'diqu', 4, '美国,中国,日本,韩国', 24),
(20, '电影主图', 'zhutu', 6, '', 24),
(21, '下载平台', 'xzpt', 3, 'win7,win2000,win10', 26),
(22, '下载方式', 'xzfs', 4, '电信下载,网通下载', 26),
(23, '下载主图', 'xzzt', 6, '', 26),
(24, '编号', 'bianhao', 1, '', 27),
(25, '格式', 'geshi', 1, '', 27),
(26, '体积', 'tiji', 1, '', 27),
(27, '副标题', 'shout_title', 1, '', 28);

-- --------------------------------------------------------

--
-- 表的结构 `tp_note`
--

CREATE TABLE IF NOT EXISTS `tp_note` (
  `id` mediumint(9) NOT NULL AUTO_INCREMENT COMMENT '节点id',
  `note_name` varchar(60) NOT NULL COMMENT '节点名称',
  `model_id` mediumint(9) NOT NULL COMMENT '所属模型',
  `output_encoding` varchar(30) NOT NULL COMMENT '输出编码',
  `input_encoding` varchar(30) NOT NULL COMMENT '输入编码',
  `addtime` int(10) NOT NULL COMMENT '添加时间',
  `lasttime` int(10) NOT NULL COMMENT '最后采集时间',
  `list_rules` varchar(255) NOT NULL COMMENT '列表采集规则',
  `item_rules` longtext NOT NULL COMMENT '内容采集规则',
  PRIMARY KEY (`id`)
) ENGINE=MyISAM  DEFAULT CHARSET=utf8 AUTO_INCREMENT=23 ;

--
-- 转存表中的数据 `tp_note`
--

INSERT INTO `tp_note` (`id`, `note_name`, `model_id`, `output_encoding`, `input_encoding`, `addtime`, `lasttime`, `list_rules`, `item_rules`) VALUES
(1, '爱情片', 25, 'UTF-8', 'UTF-8', 0, 0, '{"list_url":"sdfasd","start_page":"1","end_page":"7","step":"1","range":"asdf","list_rules":{"url":"asdfasdf","litpic":"asdfasdf"}}', ''),
(2, '动作片', 24, 'UTF-8', 'UTF-8', 1495205588, 1495528888, '{"list_url":"fasdfsd","start_page":"1","end_page":"7","step":"1","range":"asdfa","list_rules":{"url":"asdfa","litpic":"asdfasdf"}}', ''),
(3, '动作片', 24, 'UTF-8', 'UTF-8', 1495205603, 0, '{"list_url":"fasdfsd","start_page":"1","end_page":"7","step":"1","range":"asdfa","list_rules":{"url":"asdfa","litpic":"asdfasdf"}}', ''),
(4, '动作片', 24, 'UTF-8', 'UTF-8', 1495205646, 0, '{"list_url":"fasdfsd","start_page":"1","end_page":"7","step":"1","range":"asdfa","list_rules":{"url":"asdfa","litpic":"asdfasdf"}}', ''),
(5, 'dfasdf', 24, 'UTF-8', 'UTF-8', 1495205666, 0, '{"list_url":"asdfa","start_page":"1","end_page":"6","step":"1","range":"asdf","list_rules":{"url":"asdf","litpic":"asdf"}}', ''),
(6, '剧情片', 24, 'UTF-8', 'UTF-8', 1495205800, 0, '{"list_url":"asdfasdf","start_page":"1","end_page":"5","step":"1","range":"asdf","list_rules":{"url":"adfasd","litpic":"asdfasdf"}}', ''),
(7, '剧情片', 25, 'UTF-8', 'UTF-8', 1495205827, 0, '{"list_url":"asdfasdf","start_page":"1","end_page":"5","step":"1","range":"asdf","list_rules":{"url":"adfasd","litpic":"asdfasdf"}}', ''),
(8, '剧情片', 26, 'UTF-8', 'UTF-8', 1495205835, 0, '{"list_url":"asdfasdf","start_page":"1","end_page":"5","step":"1","range":"asdf","list_rules":{"url":"adfasd","litpic":"asdfasdf"}}', ''),
(9, '动作片', 24, 'UTF-8', 'UTF-8', 1495268422, 0, '{"list_url":"asdfasd","start_page":"1","end_page":"3","step":"1","range":"asdfg","list_rules":{"url":"asdfd","litpic":"asdfasdf"}}', ''),
(10, '悬疑片', 24, 'UTF-8', 'UTF-8', 1495273189, 0, '{"list_url":"http://yispace.net/category/philosophy-life/page/(*)","start_page":"1","end_page":"3","step":"1","range":".content>ul>li","list_rules":{"url":"a.pic","litpic":"a.pic img"}}', '{"title":[".meta h1","text","-p"],"keywords":["[name=keywords]","content","-p"]}'),
(11, '素材', 27, 'UTF-8', 'GB2312', 1495356430, 0, '{"list_url":"http:\\/\\/www.58pic.com\\/tupian\\/28906338-0-0-(*).html","start_page":"1","end_page":"3","step":"1","range":"","list_rules":{"url":"a.thumb-box","litpic":"a.thumb-box>img"}}', '{"title":["h2","text",""],"keywords":["[name=keywords]","content",""],"description":["[name=description]","content",""],"content":["div.show-area-pic","html",""],"bianhao":[".show-detail-params>span:eq(0)","text","-span"],"geshi":[".show-detail-params>span:eq(1)","text","-span"],"tiji":[".show-detail-params>span:eq(2)","text","-span"]}'),
(12, '素材2', 27, 'UTF-8', 'UTF-8', 1495359516, 0, '{"list_url":"http://www.58pic.com/jieriyuansu/0/id-(*).html","start_page":"1","end_page":"3","step":"1","range":"div#listBox","list_rules":{"url":"a.thumb-box","litpic":"a.thumb-box>img"}}', '{"title":["h2","text",""],"keywords":["[name=keywords]","content",""],"description":["[name=description]","content",""],"bianhao":["span.param-span:eq(0)","text","-span"],"geshi":["span.param-span:eq(1)","text","-span"],"tiji":["span.param-span:eq(3)","text","-span"]}'),
(13, '素材3', 27, 'UTF-8', 'UTF-8', 1495360933, 0, '{"list_url":"http:\\/\\/www.nipic.com\\/design\\/acg\\/renwu\\/index.html?q=&page=(*)","start_page":"1","end_page":"2","step":"1","range":"ul>li","list_rules":{"url":"ul>li>a","litpic":"ul>li>a>span>img"}}', '{"title":["h1.works-show-title","text",""],"keywords":["[name=keywords]","content",""],"description":["[name=description]","content",""],"bianhao":["span.font-tahoma:eq(0)","text",""],"geshi":["span.font-tahoma:eq(4)","text",""],"tiji":["span.font-tahoma:eq(2)","text",""]}'),
(17, '素材7', 27, 'UTF-8', 'GB2312', 1495539302, 0, '{"list_url":"http:\\/\\/sucai.redocn.com\\/zhanban\\/shengchanzhanban\\/new-(*).html","start_page":"1","end_page":"3","step":"1","range":"div.new_pubu_pics>dl","list_rules":{"url":"dd.thimg>a","litpic":"dd.thimg>a>img"}}', '{"title":{"rule":"div.good_right>h1","attr":"text","filter":""},"bianhao":{"rule":"span.canshu_nub","attr":"text","filter":""},"geshi":{"rule":"li.sucai_soft>p","attr":"text","filter":""},"tiji":{"rule":"ul.miao_right>li:eq(1)","attr":"text","filter":""}}'),
(18, '素材7', 0, 'UTF-8', 'GB2312', 1495591350, 0, '{"list_url":"asdfasdfasdfasd_(*).htm","start_page":"1","end_page":"3","step":"1","range":".class>div","list_rules":{"url":".class>div>a","litpic":".class>div>img"}}', ''),
(16, '素材6', 27, 'UTF-8', 'GB2312', 1495371426, 1495625320, '{"list_url":"http:\\/\\/sucai.redocn.com\\/zhanban\\/shengchanzhanban\\/new-(*).html","start_page":"1","end_page":"3","step":"1","range":"div.new_pubu_pics>dl","list_rules":{"url":"dd.thimg>a","litpic":"dd.thimg>a>img"}}', '{"title":["div.good_right>h1","text",""],"bianhao":["span.canshu_nub","text",""],"geshi":["li.sucai_soft>p","text",""],"tiji":["ul.miao_right>li:eq(1)","text",""]}'),
(21, '素材9', 27, 'UTF-8', 'GB2312', 1495594831, 0, '{"list_url":"asdfasdfasdfasd_(*).htm","start_page":"1","end_page":"9","step":"1","range":"fasdf","list_rules":{"url":"asdfasd","litpic":"asdfasdf"}}', '{"title":{"rule":"title>h1","attr":"text","filter":""},"keywords":{"rule":"title>h2","attr":"text","filter":""},"description":{"rule":"","attr":"","filter":""},"writer":{"rule":"","attr":"","filter":""},"source":{"rule":"","attr":"","filter":""},"content":{"rule":"","attr":"","filter":""},"bianhao":{"rule":".bianhao>p1","attr":"text","filter":""},"geshi":{"rule":".geshi>span","attr":"text","filter":""},"tiji":{"rule":".tiji>p","attr":"text","filter":""}}'),
(20, '素材888', 27, 'UTF-8', 'GB2312', 1495593637, 0, '{"list_url":"asdfasdfasdfasd_(*).htm","start_page":"1","end_page":"8","step":"2","range":"fasd","url":"asdfas","litpic":"asdfasdf"}', '{"title":{"rule":"title>h11","attr":"text1","filter":""},"keywords":{"rule":"title>h21","attr":"text1","filter":"-span1"},"description":{"rule":"","attr":"","filter":""},"writer":{"rule":"","attr":"","filter":""},"source":{"rule":"","attr":"","filter":""},"content":{"rule":"","attr":"","filter":""},"bianhao":{"rule":".bianhao>p1","attr":"text1","filter":""},"geshi":{"rule":".geshi>span1","attr":"text1","filter":""},"tiji":{"rule":".geshi>span1","attr":"text1","filter":""}}'),
(22, '素材10', 27, 'GB2312', 'UTF-8', 1495595423, 0, '{"list_url":"asdfasdfasdfasd_(*).htm","start_page":"1","end_page":"9","step":"3","range":"fasdffasdfasdfas","list_rules":{"url":"asdfasdfasdfasdf","litpic":"asdfasdfasdfasdf"}}', '{"title":["title1","text",""],"keywords":["keywords1","text",""],"description":["","",""],"writer":["","",""],"source":["","",""],"content":["","",""],"bianhao":["bianhao1","text","-p"],"geshi":["geshi2","text","-span"],"tiji":["tiji3","text",""]}');

-- --------------------------------------------------------

--
-- 表的结构 `tp_sucai`
--

CREATE TABLE IF NOT EXISTS `tp_sucai` (
  `aid` int(10) unsigned NOT NULL,
  `bianhao` varchar(150) NOT NULL DEFAULT '',
  `geshi` varchar(150) NOT NULL DEFAULT '',
  `tiji` varchar(150) NOT NULL DEFAULT ''
) ENGINE=MyISAM DEFAULT CHARSET=utf8;

/*!40101 SET CHARACTER_SET_CLIENT=@OLD_CHARACTER_SET_CLIENT */;
/*!40101 SET CHARACTER_SET_RESULTS=@OLD_CHARACTER_SET_RESULTS */;
/*!40101 SET COLLATION_CONNECTION=@OLD_COLLATION_CONNECTION */;
